,입찰공고명,공고기관명
34,13-본-국대-01 00학교이전 공기조화기 제조설치,국군재정관리단
272,간부숙소 알루미늄창호 제조설치,국군재정관리단
315,영내관사 보일러 및 분배기 구매/설치,공군제11전투비행단
319,계룡대 비상용발전기 제조설치 납품,국군재정관리단
343,16-D-021-철재 장의자 등 5종 제조 납품,국군재정관리단
384,디젤발전기 400KW 제조설치,국군재정관리단
559,군 숙소 보일러 설치납품(단가),제2군단
815,13-본-국대-01 00학교 이전 온수저장탱크 제조설치,국군재정관리단
816,13-본-국대-01 00학교 이전 온수저장탱크 제조설치,국군재정관리단
834,간성아파트 건립 발전기 제조납품,제5861부대
835,간성아파트 건립 자동식소화기 제조납품,제5861부대
836,간성아파트 건립 펌프 제조설치납품,제5861부대
837,간성아파트 건립 화재수신기 제조납품,제5861부대
838,간성아파트 건립 화재수신기 제조납품,제5861부대
839,간성아파트 건립 전관방송 제조납품,제5861부대
847,업소용 세탁기 제조설치납품,국군대전병원
848,업소용 세탁기 제조설치납품,국군대전병원
894,00단 병사식당 화물용승강기 제조설치,국군재정관리단
911,희석제  랙커 페인트 등 17종,공군군수사령부
967,13-본-국대-01 00학교 이전사업 송풍기 제조설치,국군재정관리단
1011,13-본-국대-01 00학교 이전사업 SMC 물탱크 제조설치,국군재정관리단
1037,도로용 페인트 등 131종,제7001부대
1060,철재류 스프링강선등87종구매,제2879부대
1085,보조보일러(중형/대형),방위사업청
1086,보조보일러(중형/대형),방위사업청
1088,연구소 회의실 AV시스템 제조설치 납품,국군화생방방호사령부
1132,31보급대대 물자창고 보수공사 컨테이너 제조설치납품,제5378부대
1133,31보급대대 물자창고 보수공사 컨테이너 제조설치납품,제5378부대
1164,간성아파트 건립 통합배선 제조납품,제5861부대
1182,00부대 이동식화장실 제조설치(16-59),제2307부대
1191,00지역 부대이전사업 스틸그레이팅 제조설치,제2136부대
1286,13-본-국대-01 00학교이전 화재수신기 제조설치,국군재정관리단
1287,00단 병사식당 수배전반 제조설치,국군재정관리단
1290,시멘트 등 3종 구매,국군재정관리단
1294,13-본-국대-01 00학교 이전 자동소화장치 제조설치,국군재정관리단
1313,고정형 고성능 확성기 제조설치,국군재정관리단
1328,목제가구류 46종 제조설치,국군재정관리단
1329,철제가구류 10종 제조설치,국군재정관리단
1360,아파트 세대폰 설치납품,국방부근무지원단
1392,00지역 아파트 공기순환기(환기유니트) 제조설치,국군재정관리단
1510,시멘트외 31종 구매,계룡대근무지원단
1536,활주로 진입등주 제조설치,국군재정관리단
1552,간부숙소 신발장 등 3종 제조,국군재정관리단
1615,유성방청색(적갈색)페인트,제9227부대
1619,사무비품 4종 제조설치,국군재정관리단
1626,희석제랙커페인트등 11종 구매,공군군수사령부
1659,대형 콘크리트절단기 구매,국군재정관리단
1665,00아파트 콘크리트파일 제조,국군재정관리단
1666,00아파트 엘리베이터 제조설치,국군재정관리단
1667,00아파트 타일 제조,국군재정관리단
1725,16년 무정전전원장치(UPS) 제조설치,국군재정관리단
1751,00부대 예비군훈련장 신축(냉난방기 제조설치 납품),공군제10전투비행단
1755,OO지역 간부숙소 비품 제조 / 구매 설치납품,제5602부대
1769,방송용 시스템 제조설치,국군재정관리단
1811,14-본-육-10 00지역 아파트 CCTV 제조설치,국군재정관리단
1812,14-본-육-10 00지역 아파트 CCTV 제조설치,국군재정관리단
1813,14-본-육-10 00지역 아파트 물탱크 제조설치,국군재정관리단
1976,서바이벌 훈련용 페인트 볼 구매,국군재정관리단
2016,페인트붓등33종구매,제2879부대
2062,127연대(향방무기 물자 보관용 컨테이너)제조설치납품,육군제53보병사단
2077,동원훈련장 안보교육관 연결의자 제조설치,제1607부대
2150,00부대 관급자재(발전기) 제조설치,국군재정관리단
2177,풋살경기장 인조잔디 제조설치 납품(3개소),수도방위사령부
2194,13-본-국대-01 00학교이전 송풍기 제조설치,국군재정관리단
2250,16-해-변전실 CCTV 제조설치,국군재정관리단
2251,16-해-변전실 비상발전기 제조설치,국군재정관리단
2261,생도숙소비품(책상 등 4종) 제조설치,국군재정관리단
2269,000사업 목재가구(의자 등 75종) 제조설치,국군재정관리단
2409,탄약정비용 페인트(12종) 제조,국군재정관리단
2489,보조보일러(비자성),방위사업청
2490,보조보일러(비자성),방위사업청
2517,업소용 세탁기 제조설치납품,국군대전병원
2519,교도소 침대생산자재 구매(목재류),국방부조사본부
2550,향방용 M16 총기보관함 제조설치,국군재정관리단
2569,00학교 보일러(5종) 제조설치,국군재정관리단
2647,상근단 오수처리장 보수 케익호퍼 제조설치납품,육군상무대근무지원단
2659,00아파트 온돌마루 제조설치,국군재정관리단
2662,14-본-육-10 00지역 아파트 목재창호 제조설치,국군재정관리단
2667,14-본-육-10 00지역 아파트 알루미늄창호 제조설치,국군재정관리단
2683,00부대 통합시설 통합배선 제조설치,국군재정관리단
2684,00부대 통합시설 통합배선 제조설치,국군재정관리단
2686,00부대 통합시설 분전반 제조설치,국군재정관리단
2716,16년 보급환경개선비품 제조설치,1보급단
2717,16년 저장 중 정비용 장비 제조설치,1보급단
2735,동원훈련장 총기보관함(2종) 제조설치,국군재정관리단
2740,화학저항페인트,방위사업청
2741,화학저항페인트,방위사업청
2766,00아파트 신축 분전반 제조설치(16-27),제2307부대
2767,00아파트 신축 CCTV 제조설치(16-28),제2307부대
2768,00부대 팬코일유닛 제조설치(16-38),제2307부대
2770,00부대 CCTV 제조설치(16-47),제2307부대
2801,컨테이너 창고제조설치,제28보병사단
2872,시설대대 보일러 등 159종(16-097),공군 제8전투비행단
2921,00부대 본관 수배전반 제조설치,국군재정관리단
2936,이동형 발전기 제조설치,국군재정관리단
2951,00부대 본관 통합배선 제조설치,국군재정관리단
3043,00아파트 조명기구 제조설치,국군재정관리단
3079,00장비 기능개선 제조설치 납품,수도방위사령부
3080,00장비 기능개선 제조설치 납품,수도방위사령부
3094,K계열전차 변속기 성능시험장비 제조설치,국군재정관리단
3098,16-본-해-1 콘크리트 파일 제조,국군재정관리단
3099,16-본-해-2 콘크리트 파일 제조,국군재정관리단
3101,16-평-군 관사 보일러,제9911부대
3102,16-평-군 관사 보일러,제9911부대
3114,철선  비 전기용 등 36품목,해군제1정비대대
3178,13-본-국대-01 00학교 자동제어 제조설치,국군재정관리단
3183,사격장 방송장비시스템 제조설치,국군재정관리단
3429,페인트 등 4종 구매 (16-62),공군제10전투비행단
3595,00학교 이전 무정전전원장치(UPS) 제조설치,국군재정관리단
3625,RAPCON 통신통제장비 제조설치,국군재정관리단
3627,16년 VoIP 교환기용 자동안내장치 제조설치,국군재정관리단
3628,16년 VoIP 교환기용 음성동보장치 제조설치,국군재정관리단
3629,16년 VoIP 교환기용 항온항습기 제조설치,국군재정관리단
3630,16년 VoIP 교환기용 UPS 제조설치,국군재정관리단
3650,비행협조소 무인화 UPS 제조설치,국군재정관리단
3652,00아파트 시설개선 씽크대 제조설치,국군재정관리단
3666,00부대 등 5개소 풋살경기장 인조잔디 제조설치,제1보병사단
3667,00부대 간부숙소 비품구매(매트리스),제7군단
3679,기타일반장비획득목재파쇄기,공군제19전투비행단
3680,기타일반장비획득목재파쇄기,공군제19전투비행단
3697,일반배관용탄소강관,제7001부대
3698,일반배관용탄소강관,제7001부대
3702,수성페인트,제7001부대
3703,도로용페인트,제7001부대
3704,도로용페인트,제7001부대
3706,아스팔트콘크리트표층용,제7001부대
3708,일반배관용탄소강관,제7001부대
3709,일반배관용탄소강관,제7001부대
3713,시멘트,제7001부대
3714,수성페인트,제7001부대
3715,도로용페인트,제7001부대
3716,도로용페인트,제7001부대
3725,00부대 간부숙소 개선,제5861부대
3738,교도소 침대생산자재(철재류) 제조납품(2차),국군재정관리단
3742,00포대  00연본 풋살경기장 인조잔디 제조설치납품,제5861부대
3743,00대대 풋살경기장 인조잔디 제조설치납품(1),제5861부대
3744,00대대 풋살경기장 인조잔디 제조설치납품(2),제5861부대
3758,00부대 간부숙소 개수 관급자재(싱크대 등) 제조,육군교육사령부
3759,00부대 간부숙소 개수 관급자재(창호 등) 제조,육군교육사령부
3862,병영식당 관통형 냉장·냉동고 제조설치,국군재정관리단
3879,00부대 인조잔디 제조설치 납품,제17보병사단
3893,15-본-육-06 관류식 진공온수보일러 제조설치,국군재정관리단
3894,15-본-육-06 관류식 진공온수보일러 제조설치,국군재정관리단
3937,15-본-육-육-06 스포츠조명(LED투광등기구) 제조설치,국군재정관리단
3957,영내케이블 교체공사(광전송 장비 제조설치),육군 제1군단
3972,00부대 등 6개소 풋살장 인조잔디 제조설치,제9보병사단사령부
4039,화포공장 호이스트크레인 제조설치,제2879부대
4061,00학교 노통연관식 보일러(2대) 제조설치,국군재정관리단
4120,저장랙 제조설치,국군재정관리단
4130,격오지 독서카페(120동) 제조설치,국군재정관리단
4164,미8군 병영시설 책상외 5종 제조설치,국군재정관리단
4183,무인감시장비 제조설치,육군본부
4209,00부대 독신숙소 조명기구 제조설치,국군재정관리단
4218,16-해-중계소 CCTV 제조설치,국군재정관리단
4219,16-해-기계실 CCTV 제조설치,국군재정관리단
4220,16-해-기계실(00부대) CCTV 제조설치,국군재정관리단
4261,소화설비기기(NAF S lll 등 3종) 제조설치,국군재정관리단
4289,LED 상황판 제조설치,특수전사령부
4292,5691-1부대 컨테이너 제조설치납품,제7162부대
4294,군숙소 보일러 40대 구매 설치,계룡대근무지원단
4299,13-본-국대-01 00학교이전 조명기구 제조설치,국군재정관리단
4306,00아파트 가구 교체공사 제조설치 납품,수도방위사령부
4309,00지원대 인조잔디 제조설치 납품,수도방위사령부
4365,00부대 독신숙소 가구(2종) 제조설치,국군재정관리단
4367,16-본-육-03 조명기구 제조설치,국군재정관리단
4419,16-공-디젤발전기 60KW 등 5종 제조설치,국군재정관리단
4431,00부대 관사 강화마루 제조설치,국군재정관리단
4479,00부대 합성수지제창 제조설치 납품,제3697부대
4501,16-본-육-4 UPS 제조설치,국군재정관리단
4502,00학교 노통연관식 보일러(2대) 제조설치,국군재정관리단
4503,00학교 노통연관식 보일러(2대) 제조설치,국군재정관리단
4506,13-본-국대-01 00학교이전 자전거 보관대 제조설치,국군재정관리단
4512,5포병 관사 신축공사 원격자동검침시스템 제조설치,제5군단사령부
4531,16-본-육-4 통합배선 제조설치,국군재정관리단
4537,영내/영외관사 보일러 구매 및 설치,공군제11전투비행단
4547,선수숙소 비품(침대 옷장)구매,국군체육부대
4561,16-본-육-9 호이스트크레인 제조설치,국군재정관리단
4589,창고형 컨테이너(159동) 제조설치,국군재정관리단
4594,간성아파트 건립 합성수지제창 제조납품,제5861부대
4597,이동식화장실 제조설치(3동),제1862부대
4628,16-본-육-03 씽크대 제조설치,국군재정관리단
4629,16-본-육-03 알루미늄 창호 제조설치,국군재정관리단
4666,00부대 병영생활관 신축 플라스틱 창호 제조납품,육군 제1군단
4682,주둔지 경계용 CCTV 제조설치,국군재정관리단
4786,보일러(25 000Kacl),제7001부대
4787,보일러(16 000Kacl),제7001부대
4788,보일러(13 000Kacl),제7001부대
4793,무정전전원장치(UPS) 제조설치(리스물건),국군재정관리단
4852,00지역 영상전송체계 노후장비 제조설치(2),국군재정관리단
4853,00지역 영상전송체계 노후장비 제조설치(3),국군재정관리단
4914,00부대 경계울타리 제조설치납품(16-118),제2307부대
4921,출입통제체계용 UPS 제조설치,국군재정관리단
4935,00사령부 위병소 과학화 출입시스템 제조설치,국군재정관리단
4951,대형 콘크리트 절단기 구매,국군재정관리단
4952,00부대 컨테이너 제조설치 납품,제11기동사단
5006,안보관 음향시스템 제조설치(K-60),제2307부대
5038,항온항습기 제조설치(리스물건),국군재정관리단
5064,00부대 컨테이너 제조설치(16-170),제2307부대
5074,00부대 풋살경기장 인조잔디(6개소) 제조설치납품,제5군단사령부
5092,00지역 아파트 씽크대 제조 설치납품,국방부근무지원단
5099,000사업 발전기(200Kw) 제조설치,제3707부대
5101,3분기 위임3차(007OP 보일러실 배수펌프 등 12건),제5861부대
5132,00부대 UPS 제조설치,국군재정관리단
5158,무선송수신기(무선인터컴) 제조설치,국군재정관리단
5186,2차 풋살경기장 인조잔디 제조설치납품,제6128부대
5201,에어필터(집진필터 유니트) 제조설치,국군재정관리단
5209,00아파트 씽크대 제조설치,국군재정관리단
5212,전원공급기 시험장비 TPS 제어부 랙 제조설치,국군재정관리단
5237,차량정비고 25톤 리트프 제조설치(이전설치 포함),국군재정관리단
5269,간부숙소 6개소 개수 바닥난방시설 설치 구매,제1607부대
5280,국군교도소 침대생산자재 제조(목재류),국방부조사본부
5321,고정식 연결의자 제조설치 납품,제3697부대
5322,군숙소 도배/장판 설치납품(단가),제2군단
5343,000사업 UPS 및 배터리 제조설치,제3707부대
5362,00부대 컨테이너 창고 제조설치,국군재정관리단
5374,노후 WAN 장비 제조설치,국군재정관리단
5383,000사업 CCTV 제조설치,제3707부대
5398,태성대아파트 보일러 구매 및 설치,공군항공안전단
5420,학무관 신축공사 통합배선 제조설치,국군재정관리단
5469,고강도 콘크리트파일(PHC파일) 구매,공군제11전투비행단
5470,고강도 콘크리트파일(PHC파일) 구매,공군제11전투비행단
5478,00부대 풋살경기장 스포츠바닥재(1개소) 제조설치납품,제5군단사령부
5492,16-본-공-01(특기교육생 식당개선) 보일러 구매/설치,공군교육사령부
5493,16-본-공-01(특기교육생 식당개선) 보일러 구매/설치,공군교육사령부
5504,CCTV 및 관제장비 제조설치 납품,제7821부대
5512,00부대 경계용 CCTV 제조설치,국군재정관리단
5517,`14-본-육-07  000대대 이전사업 조명기구 제조설치,국군재정관리단
5527,00부대 이전사업 관급자재(타일 4종) 설치납품,국군의무사령부
5538,00사단 CCTV 제조설치,국군재정관리단
5555,00사단 호이스트크레인 제조설치,국군재정관리단
5606,고수방어진지 개선 발전기 제조설치,국군재정관리단
5639,인터컴 세트(전관방송설비) 제조설치,국군재정관리단
5671,CCTV POLE 제조설치,국군재정관리단
5688,직장어린이집 가구 제조설치,제6955부대
5722,00학교 이전사업 관급자재(디자인휀스) 제조설치,국군재정관리단
5763,00부대 병영식당 합성수지제창 창호 제조설치 납품,제3697부대
5775,16-진-자전거거치대 14EA 제조설치,국군재정관리단
5778,만종리 훈련장 사무비품 제조설치,제36보병사단
5790,자주포 정비고 크레인 제조설치,제17보병사단
5838,자동주유기 제조설치,국군재정관리단
5858,철재공구함 등 3항목  구매(물자),육군군수사령부
5869,16-평 00관사(아파트) 싱크대 제조 설치,제9911부대
5888,`13-본-국대-01  00학교이전 능형망휀스 제조설치,국군재정관리단
5930,00부대 병영식당 냉장고(관통형)제조설치 납품,제3697부대
5981,00부대 대대 발진기지 구축 토목자재 구매,제7군단
5982,00부대 대대 발진기지 구축 토목자재 구매,제7군단
6024,독신숙소 건립 PVC 제조납품,제5861부대
6120,출입통제체계용 철제울타리 제조설치,국군재정관리단
6121,16-충-육-1 건식제습기 제조설치,국군재정관리단
6136,00사령부 행정 사무비품 32종 제조설치,국군재정관리단
6140,16-충-육-1 수배전반 제조설치,국군재정관리단
6162,16-P-00대대 통합정비고 크레인 제조설치,제9227부대
6213,YRP 중학교 및 보육센터 철재가구 제조설치,국군재정관리단
6214,YRP 중학교 및 보육센터 목재가구 제조설치,국군재정관리단
6218,무선중계기 등 6종 제조설치,국군재정관리단
6283,독신숙소 건립 통합배선 제조납품,제5861부대
6285,교도소 침대생산자재(목재류) 제조납품,국군재정관리단
6312,`13-본-국대-01 00학교이전 조명타워 제조설치,국군재정관리단
6321,럭키타운아파트 가스보일러 설치납품,제3707부대
6360,시멘트 등 3종,해군제2수리창
6372,00부대 간부숙소 합성수지제창 제조설치,국군재정관리단
6378,00부대 간부숙소 신축 가스보일러 제조설치납품,육군제8971부대
6385,16-평-군 관사 보일러 구매설치,제9911부대
6386,16-평-군 관사 보일러 구매설치,제9911부대
6396,교도소 침대생산자재(철재류) 제조납품,국군재정관리단
6445,16-공-본-17 관급자재(통합배선) 제조설치,국군재정관리단
6447,16-공-본-17 관급자재(전관방송 AV포함) 제조설치,국군재정관리단
6450,00부대 합성수지제창 / 합성수지도어 제조설치,국군재정관리단
6453,누적페인트 제거용 파쇄날 구매,공군제19전투비행단
6484,00부대 관사 신축사업 통합배선반 제조설치,국군재정관리단
6487,00부대 관사 신축사업 승강기 제조설치,국군재정관리단
6488,강습대대 발진기지 토목자재구입,제7군단
6499,00부대 이글루 탄약고 제습기 제조설치(4),국군재정관리단
6514,112공병 생활관 개수 진공온수보일러 제조설치납품,제2군단
6515,112공병 병영생활관 개수 PW창호 제조납품,제2군단
6523,자동화 사격장비 제조설치,국군재정관리단
6554,00부대 간부숙소 신축 관급자재 콘크리트파일 제조,육군제8971부대
6559,00부대 등 12개소 보일러 설치납품,제28보병사단
6560,46 영산강소초 GOP 병영생활관,제1862부대
6562,물류창고 저장랙 제조설치,국군재정관리단
6581,00지역 감시용 CCTV제조설치,국군재정관리단
6586,성당 신축 AV방송설비 제조설치,제8기동사단
6589,00소초 풋살경기장 인조잔디 제조설치납품,제1보병사단
6622,탄약고용 컨테이너 제조설치납품,제1989부대
6646,00부대 창설사업 AV방송설비 제조설치,국군재정관리단
6655,아파트 싱크대 제조 설치납품,국방부근무지원단
6658,교도소 침대 생산자재(철재류) 제조납품 3차,국군재정관리단
6691,00부대 이그루탄약고 제습기 제조설치,국군재정관리단
6693,식탁 등 2종 제조설치,국군재정관리단
6698,00부대 이글루 탄약고 제습기 제조설치(3),국군재정관리단
6702,00학교이전 가구 제조설치,국군재정관리단
6723,00부대 침대생산자재 제조납품(목재류_3차),국방부조사본부
6784,보일러 등 88종,제9181부대
6829,00부대 이글루 탄약고 제습기 제조설치(2),국군재정관리단
6836,00지역  광 단국장비 제조설치,국군재정관리단
6900,16-본-공-3 객실관리 시스템 제조설치,국군재정관리단
6901,16-본-공-3 합성수지제문 제조설치,국군재정관리단
6911,00부대 이전사업 합성수지도어 제조설치,국군재정관리단
6933,00부대 이전사업 합성수지창호 제조설치,국군재정관리단
6939,아파트 보일러 구매 / 설치,제6335부대
6947,00부대 이글루 탄약고 제습기 제조설치(5),국군재정관리단
6963,00지역 가스보일러 철거 및 설치납품 (70세대),제5733부대
6984,13-본-국대-01 00학교 가구 및 비품 제조설치,국군재정관리단
6994,0부대 중대시설 분전반 제조설치(16-312),제2307부대
7152,항온항습기 제조설치 등 5건 리스,국군재정관리단
7153,항온항습기 제조설치 등 5건 리스,국군재정관리단
7176,00지역 아파트 리모델링 시설공사(가구),국군지휘통신사령부
7261,다목적체육관 관급자재(콘크리트파일),제5708부대
7281,000사업 병영생활관 통합배선반 제조설치,국군재정관리단
7282,000사업 병영생활관 합성수지제창호 제조,국군재정관리단
7299,3개소 취사장 대형냉장고 제조설치,수도기계화보병사단
7302,4개 개편부대 크레인 제조설치 납품,수도기계화보병사단
7304,00부대 복지회관 신축 변압기 제조설치,특수전사령부
7314,4개 개편부대 자동제어반 제조설치납품,수도기계화보병사단
7332,군관사 및 독신숙소 LED등기구 구매,제6619부대
7334,00부대 창설사업 AV 제조설치(16-221),제2307부대
7335,00부대 창설사업 CCTV 제조설치(16-222),제2307부대
7336,00부대 창설사업 통합배선반 제조설치(16-223),제2307부대
7341,00부대 UAV중대시설 수배전반 제조설치,국군재정관리단
7354,다목적체육관 관급자재(AV설비) 제조설치,제5708부대
7355,다목적체육관 관급자재 무대장치 제조설치,제5708부대
7356,계룡대 체력단련장 보일러용 유류(하이신유) 구매,육군인사사령부
7585,미8군 병영시설 및 간부숙소 물품(가구) 제조 납품,국군재정관리단
7612,17-목-항공정비실습장 콘크리트파일 제조 구매,해군제3함대사령부
7719,동원훈련장 총기보관함 제조설치,육군본부
7783,서바이벌 훈련용 페인트 볼 구매,국군재정관리단
7873,이동형페인트분무기 1EA,해군군수사령부
7878,00부대 독신숙소 비품 5종 제조설치,제1288부대
7889,미8군 병영시설 및 간부숙소 전자제품 구매 설치,국군재정관리단
7915,17-공-디젤엔진식 발전기 30KW 제조설치,국군재정관리단
7994,군숙소 도배장판 설치납품,제17보병사단
7998,페인트분무기 4EA,해군군수사령부
8028,00지역 병영생활관 신축 PHC파일 구매,제2136부대
8068,17-공-디젤발전기 150KW 제조설치,국군재정관리단
8069,17-공-디젤발전기 100KW 제조설치,국군재정관리단
8178,선봉대 체력단련장 보일러용 유류(하이신규) 구매,제7821부대
8228,군숙소 영선자재(절연테이프 등 389종) 구매,자운대근무지원단
8280,변속기시험실 수배전반 제조설치,국군재정관리단
8363,페인트붓등34종구매,제2879부대
8402,사무비품 5종 제조설치,국군재정관리단
8538,독신숙소 침대 제조납품,특수전사령부
8539,독신숙소 침대 제조납품,특수전사령부
8551,향방용 M16 총기보관함 제조설치,국군재정관리단
8554,17-해군 제2기관장비실습장(콘크리트 말뚝 제조),국군재정관리단
8640,00대 생활관 등 2곳 관급자재 콘크리트파일 제조 구매,제9227부대
8641,00대 생활관 등 2곳 관급자재 콘크리트파일 제조 구매,제9227부대
8682,00지역 병영생활관 신축 PHC파일 구매,제2136부대
8700,대형 콘크리트절단기 구매,국군재정관리단
8779,17-008 보통포틀랜드시멘트 등 152종,공군사관학교
8790,간부숙소 신축공사 관급자재 콘크리트 파일 제조,국군재정관리단
8805,독신숙소 택배 보관함 제조설치 납품,3공수특전여단
8979,00부대 체육관 신축 관급자재(콘크리트파일) 제조,국군재정관리단
8981,독신자숙소 에어컨 조달,공군제19전투비행단
8988,공군 구내방송장치 제조설치,국군재정관리단
8996,17년 VolP 교환기용 항온항습기 제조설치,육군본부
8998,17년 VolP 교환기용 음성동보장치 제조설치,육군본부
9023,병영생활관 신축공사 관급자재 배전반,제5861부대
9024,병영생활관 신축공사 관급자재 분전반,제5861부대
9025,병영생활관 신축공사 관급자재 조명기구,제5861부대
9029,헌병대 병영생활관 신축 조명기구 제조납품,제2군단
9030,헌병대 병영생활관 신축 CCTV 제조설치,제2군단
9031,헌병대 병영생활관 신축 방송영상설비 제조설치,제2군단
9054,무인감시장비 제조설치,육군본부
9092,보조보일러(중형/대형),방위사업청
9093,보조보일러(중형/대형),방위사업청
9117,17년 간부숙소 개선공사 비품구매,육군부사관학교
9123,00전대 도서기지 창고 호이스트 크레인 제조설치,제9911부대
9124,BTL 숙소 가전제품(냉장고  세탁기) 구매,공군제11전투비행단
9169,17-간부숙소 신축공사 합성수지 창호 제조 설치,국군재정관리단
9173,간부숙소비품(세탁기 등 4종) 구매설치,국군재정관리단
9175,강의장 비품(수강용탁자) 제조설치,국군재정관리단
9252,예비군부대 컨테이너 제조설치납품,제1989부대
9263,페인트붓등35종구매,제2879부대
9329,희석제 우레탄페인트 등 2품목,공군군수사령부
9473,시멘트 등 3종 구매,국군재정관리단
9557,이동발효식 화장실 제조설치,국군재정관리단
9580,17-F-015  디젤엔진식 발전기세트(60KW) 제조설치,국군재정관리단
9610,17년 호이스트 제조설치,국군재정관리단
9612,병영생활관 전기승압공사 자재 구매,제17보병사단
9638,17-간부숙소 신축공사 콘크리트 파일 제조,국군재정관리단
9646,유성페인트 등 14품목,제9181부대
9884,격오지 독서카페(182동) 제조설치,국군재정관리단
9899,독신숙소 전자도어락 구매/설치,제6685부대
10107,관급자재(콘크리트파일) 제조,국군재정관리단
10108,00아파트 합성수지제창호 제조 설치,국군재정관리단
10117,00대 생활관 신축 관급자재 CCTV 장치 구매 설치,제9227부대
10118,00대 생활관 신축 관급자재 기와 제조 구매,제9227부대
10120,00대 생활관 신축 관급자재 통합배선 제조 설치,제9227부대
10121,00대 생활관 신축 관급자재 방송 및 A.V 제조 설치,제9227부대
10138,00대 생활관 신축 관급자재 플라스틱 창호 제조 구매,제9227부대
10139,침대생산자재 철재류(사각파이프 등 29종 제조,국군재정관리단
10176,콘크리트파일 제조(00정비대대 창고),국군재정관리단
10177,콘크리트파일 제조(00보급대대 창고),국군재정관리단
10208,00대대 풋살경기장 인조잔디 제조설치 납품,수도군단
10235,독신숙소 TV 및 비데 설치 납품,육군사관학교
10251,00사 간부숙소 신축 관급자재 GHP냉난방기 설치 납품,국군재정관리단
10264,풋살장 신축 인조잔디 및 충진재 제조설치납품,육군종합군수학교
10300,17-모형(견인형 발칸 등 10종) 제조설치,국군재정관리단
10301,본관 신축 관급자재(콘크리트 파일)제조,국군재정관리단
10411,보일러 35대 구매 설치,계룡대근무지원단
10508,침대생산자재 목재류(바닥판 등 3종) 제조,국군재정관리단
10572,17-조-8 독신자숙소 가전제품,공군 작사예하 방포사예하 제2여단
10614,독신숙소 디지털 도어락 설치납품,3공수특전여단
10650,화학저항페인트,방위사업청
10651,풋살경지장 인조잔디 제조설치 납품,수도방위사령부
10672,공군교육사령부 독신자숙소 냉방기 508대 구매 설치,공군교육사령부
10695,01정비대대 병영생활관 진공온수보일러 제조설치납품,육군 제1군단
10696,01정비대대 병영생활관 진공온수보일러 제조설치납품,육군 제1군단
10713,탄약 정비자재(국방색 페인트 등 7종)제조,육군 제3808부대
10714,탄약 정비자재(국방색 페인트 등 7종)제조,육군 제3808부대
10729,이동식화장실 트레일러 제조설치,국군재정관리단
10834,00대 풋살경기장 인조잔디 제조설치 납품,수도방위사령부
10835,00단 풋살경기장 인조잔디 제조설치 납품,수도방위사령부
10871,00부대 CCTV 제조설치,국군재정관리단
10876,`17년 풋살경기장 5개소 인조잔디 제조설치,제9보병사단사령부
10877,17-간부숙소 신축공사 수배전반 제조 설치,국군재정관리단
10902,17-간부숙소 신축공사 태양광 발전기 제조 설치,국군재정관리단
10922,아파트 싱크대 제조 설치납품,국방부근무지원단
10970,생도숙소 비품 제조설치,국군재정관리단
11021,공군 항공작전녹음기 제조설치,국군재정관리단
11025,00부대 신축공사 관급자재 콘크리트 파일 제조,국군재정관리단
11186,00지역 행정동 신축공사 방송설비 제조설치,국군재정관리단
11187,00지역 본청 신축공사 방송설비 제조설치,국군재정관리단
11188,00지역 행정동 신축공사 통합배선설비 제조설치,국군재정관리단
11189,00지역 본청 신축공사 통합배선설비 제조설치,국군재정관리단
11267,000사업 UPS 및 배터리 제조설치,제3707부대
11276,17-콘크리트파일 제조,국군재정관리단
11283,00학교 생도숙소 비품 구매,국군재정관리단
11359,5개소 인조잔디 제조설치 납품,제17보병사단
11376,17-간부숙소 신축공사 데크플레이트 제조,국군재정관리단
11403,신축공사 관급자재(통합배선반) 제조설치,국군재정관리단
11457,사령부 본청 신축공사 통합배선설비 제조설치,제25보병사단
11459,사령부 본청 신축공사 방송장비 제조설치,제25보병사단
11498,관사 및 통합생활관 관급자재 통합배선 제조 설치,국군재정관리단
11526,기혼자숙소 보수공사 씽크대 제조 설치,육군군수사령부
11528,간부숙소 객실관리시스템  제조설치,국군재정관리단
11560,01정비대대 병영생활관 신축_GHP,육군 제1군단
11577,17-관급자재 급탕탱크 2EA 제조설치,국군재정관리단
11578,17-관급자재 급탕탱크 2EA 제조설치,국군재정관리단
11579,17-관급자재 진공온수보일러 제조 설치,국군재정관리단
11580,00부대 무기고 컨테이너 제조설치 납품,특수전사령부
11582,00부대 민사부대 무기고 컨테이너 제조설치 납품,특수전사령부
11606,독신자숙소(106  107동) 보일러 교체설치,공군제19전투비행단
11622,전원공급장치 제조설치,국군재정관리단
11676,대형정수기 제조설치 납품,수도방위사령부
11685,UPS 및 축전지 검측시스템 제조설치,국군재정관리단
11688,출입통제체계용 철제 울타리 제조설치,육군본부
11694,출입통제체계용 UPS 제조설치,육군본부
11710,17-00지역 신축공사 관급자재(CCTV) 제조설치,국군재정관리단
11711,17-00지역 신축공사 관급자재(발전기) 제조설치,국군재정관리단
11712,17-00지역 신축공사 관급자재(조명제어) 제조설치,국군재정관리단
11720,17-00지역 신축공사 관급자재(통합배선) 제조설치,국군재정관리단
11752,00탄약대대 제습기 제조설치,국군재정관리단
11763,탄두회수장치 제조설치 납품,수도방위사령부
11790,00부대 풋살경기장 인조잔디 제조설치,제1862부대
11818,항온제습기 제조설치,국군재정관리단
11836,정비고 신축 관급자재(콘크리트파일) 제조,제8385부대
11842,00여단 경계시설 울타리 관급(콘크리트블록)제조납품,육군 제1군단
11850,보급대대 2창고 저장랙 제조설치,국군재정관리단
11855,00부대 양산사업 통합배선 제조설치(17-155),제2307부대
11856,00부대 관사 및 통합생활관 분전반/수배전반 제조설치,국군재정관리단
11857,독신숙소 전자도어락 설치납품,국방부근무지원단
11858,00부대 관사 및 통합생활관 관급자재 조명기구 제조,국군재정관리단
11859,관사 및 생활관 관급자재(씽크대) 제조 설치,국군재정관리단
11862,간부숙소 냉장고 설치납품,국방부근무지원단
11863,관사 및 통합생활관 관급자재(PD)제조 설치,국군재정관리단
11864,관사 및 통합생활관 관급자재(테라조타일) 구매,국군재정관리단
11871,국방대학교 숙소 비품 8종 구매,국방대학교
11923,00학교 가구(소파 등 66종) 제조설치,국군재정관리단
11979,전술자재 저장 컨테이너 14동 제조설치납품,제9보병사단사령부
11991,맹호아파트 창호 제조납품,수도기계화보병사단
12002,00부대 차기다련장 콘크리트파일 제조설치납품,육군 제1군단
12006,00부대 포상유개화 콘크리트파일 제조설치납품,육군 제1군단
12033,업무용 PC 제조설치,국군재정관리단
12034,스크루 냉동기 제조설치,국군재정관리단
12053,급유시설 급유탱크 제조설치 납품,수도방위사령부
12054,가스보일러 구매 및 설치(근-17-058),공군작사근무지원단
12064,군숙소 CCTV 설치납품,제2136부대
12114,군 숙소 방충망 구매,국군의무사령부
12191,00부대 WAN 장비 제조설치 납품,수도기계화보병사단
12210,초음파 세척기 제조설치 구매,공군군수사령부
12215,00부대 독신숙소 씽크대 제조설치,육군과학화전투훈련단
12217,군단 본청신축 통합배선 제조설치납품_,육군 제1군단
12244,00부대 연관식 보일러 2종 제조설치,국군재정관리단
12271,특수전력 정예화사업 통합배선 제조설치납품,제2621부대
12308,00부대 풋살장3개소 인조잔디 제조설치,제1288부대
12327,보일러약품(음료용 방청제 등 10종) 구매,계룡대근무지원단
12446,초고강도 콘크리트파일 제조납품(17-293),제2307부대
12447,초고강도 콘크리트파일 제조납품(17-293),제2307부대
12535,18-공-복지시설 신축공사 콘크리트 파일,공군제15특수임무비행단
12666,아파트 2개소 방충망 구매 설치,제2136부대
12671,00부대 본청신축 전광판 제조설치,제5군단사령부
12686,00지역 방공 고속지령대 제조설치납품(35-2),제6619부대
12687,00지역 방공 고속지령대 제조설치납품(35-2),제6619부대
12690,경계시설 CCTV 제조설치(6개소),제6685부대
12691,사령부 분청 신축 전관방송/AV 제조설치,제5019부대
12693,사령부 분청 신축공사 통합배선반 제조설치,제5019부대
12709,영외아파트 독신숙소 보일러 제조설치납품,육군상무대근무지원단
12723,OO부대 풋살경기장 인조잔디 제조설치(7개소),제5861부대
12807,이글루 탄약고 제습설비 제조설치,국군재정관리단
12852,18-00중대 신축 통합배선 제조설치,국군재정관리단
12908,18-소음저감 시설공사 미장벽돌 구매,제20전투비행단
12911,총정아파트 6동 플라스틱창호 제조설치납품,제6955부대
12924,5차사업(83정비대대) 콘크리트파일제조(18-135),제2307부대
12971,오뚜기 독신숙소 전자도어락 설치납품(R),제8기동사단
13002,페인트류 제조 납품,제9196부대
13029,MW통신소 노드화구축용 MSPP 제조설치,국군재정관리단
13030,MW통신소 노드화구축용 MSPP 제조설치,국군재정관리단
13059,16-충-방-6 관급자재(크레인) 제조설치,국군재정관리단
13072,신교대대 등 2개소 풋살장 인조잔디 제조설치,육군제53보병사단
13109,00여단 부대개편 관급자재(크레인) 제조설치,국군재정관리단
13125,00부대 아파트 합성수지제창호 제조설치 납품,제5067부대
13160,화학저항페인트,방위사업청
13161,화학저항페인트,방위사업청
13168,동편 주격납고 크레인 제조설치,공군제19전투비행단
13189,00부대 관급자재(콘크리트파일) 제조,국군재정관리단
13240,무건리 실전적훈련장 구축 관급(진공온수보일러),육군 제1군단
13249,220여단/221여단 합성수지도어(PD) 제조설치(시공도),제3697부대
13275,구내방송장치 제조설치,공군군수사령부
13335,간부숙소 신축/개수 합성수지창호 제조설치납품,제2621부대
13355,항온항습기 제조설치납품,육군제8971부대
13362,생도숙영비품(침대  옷장) 제조설치,국군재정관리단
13368,00기보여단 통합배선반 제조설치,국군재정관리단
13376,부대개편 관급자재(온수저장탱크) 제조설치,국군재정관리단
13379,6군단 관사 캠프님블 신축 관급자재 콘크리트파일,제8기계화보병사단
13436,기계교 특기병 생활관 보일러 제조설치납품,육군상무대근무지원단
13442,장성급 숙소 러그 구매설치,국군재정관리단
13449,18-간부숙소 등 CCTV 설치,제9해병여단
13450,18-간부숙소 등 통합배선반 설치,제9해병여단
13468,부대개편 관급자재(진공온수보일러) 제조설치,국군재정관리단
13484,간부숙소 비품(냉장고) 구매,제2062부대
13489,관급자재(고강도콘크리트말뚝 등 2종),공군제5공중기동비행단
13515,장성급 숙소 가전제품 구매 설치,국군재정관리단
13519,백운아파트 8동 합성수지제창 창호 제조설치 납품,제3697부대
13555,18년 VoIP 교환기용 음성동보장치 제조설치,국군재정관리단
13556,18년 VoIP 교환기용 음성동보장치 제조설치,국군재정관리단
13557,18년 VoIP 교환기용 음성동보장치 제조설치,국군재정관리단
13582,18년 풋살장 인조잔디 제조설치,제1보병사단
13585,관급자재(콘크리트파일) 제조,국군재정관리단
13626,광전송장비(MSTP) 제조설치,국군재정관리단
13631,사단 56강당 합성수지제창 창호 제조설치 납품,제3697부대
13668,무궁화아파트 발코니창호 제조설치납품,육군 52보병사단
13703,맹호 아파트 104  105동 창호 제조설치 납품,수도기계화보병사단
13720,군단 예하부대 간부숙소 비품 제조납품,제2군단
13725,00부대 간부숙소 비품구매/설치납품,수도기계화보병사단
13728,한국형 기동헬기 관급자재(크레인) 제조설치,국군재정관리단
13731,풋살경기장 인조잔디 제조설치(4개소),제8기동사단
13767,철마아파트 싱크대 제조설치납품,제2062부대
13773,태풍아파트 203동 합성수지제창 설치납품,제28보병사단
13816,차량정비시설 등 철재가구 구매설치,국군재정관리단
13853,소방시설 개선공사 관급자재(분전반) 제조설치,공군제19전투비행단
13879,진공온수보일러 제조 설치,국군재정관리단
13895,교도소 침대생산자재 목재류(바닥판 등 3종) 제조,국군재정관리단
13896,교도소 침대생산자재 목재류(바닥판 등 3종) 제조,국군재정관리단
13920,00지역 창호 제조설치납품(계획26차),제1989부대
13928,18-해병-식당탄약고 CCTV제조설치,국군재정관리단
13929,18-해병-식당탄약고 제습기 제조설치,국군재정관리단
13982,부대개편 통합배선반 제조설치(1),국군재정관리단
13983,부대개편 통합배선반 제조설치(2),국군재정관리단
14014,00학교 생도 숙소 비품 제조 설치,국군재정관리단
14019,침대생산자재 철재류(사각파이프 등 29품목) 제조납품,국군재정관리단
14046,항온항습기 제조설치납품,육군제8971부대
14047,보조보일러(비자성),방위사업청
14053,82정비 차기다련장 호이스트크레인 제조설치,제2군단
14138,00부대 민영아파트 가스보일러 설치납품,제6619부대
14143,디젤발전기 15KW 제조설치,국군재정관리단
14144,디젤발전기 15KW 제조설치,국군재정관리단
14231,군숙소 씽크대 설치납품 단가계약,자운대근무지원단
14269,8사단 부대개편(6개소) 관급자재 콘크리트파일,제8기계화보병사단
14271,디젤발전기 2종 제조설치,국군재정관리단
14577,00연대 생활관취사식당 신축 콘크리트 말뚝 제조납품,국군재정관리단
14621,벡시멘트 등 603종,제5738부대
14700,000부대 시설공사 통합배선 제조설치,육군 제1군단
14723,페인트붓등35종구매,제2879부대
14741,공사 및 통신물자(석재타일 등 00종) 구매,제7789부대
14857,무인감시장비 제조설치,육군본부
15106,유성페인트 등 282품목,제9해병여단
15119,차량탑재용 동력분무기 제조설치납품,제28보병사단
15222,대형콘크리트절단기 구매,국군재정관리단
15345,디젤발전기 100KW 제조설치,국군재정관리단
15346,디젤발전기 60KW 제조설치,국군재정관리단
15368,시멘트 등 89종,제7001부대
15481,8사단 간부숙소 신축 관급자재 콘크리트파일,제8기계화보병사단
15492,페인트 분무기 5EA 구매,해군군수사령부
15517,00부대 방송시스템 교체(제조설치) 사업,국군재정관리단
15527,수성페인트(백색),제7001부대
15528,도로용페인트(백색),제7001부대
15529,유성페인트(백색),제7001부대
15530,유성페인트(회색),제7001부대
15539,압력배관용탄소강관(25A),제7001부대
15540,압력배관용탄소강관(32A),제7001부대
15541,압력배관용탄소강관(40A),제7001부대
15542,압력배관용탄소강관(50A),제7001부대
15543,압력배관용탄소강관(65A),제7001부대
15544,스텐강관(3T15A),제7001부대
15545,스텐강관(3T20A),제7001부대
15546,스텐강관(3T25A),제7001부대
15722,관급자재(콘크리트파일) 제조,국군재정관리단
15922,전원공급장치 제조설치,국군재정관리단
15941,수성페인트 등 12종(18-51),공군제1전투비행단
16112,`18년 풋살경기장 5개소 인조잔디 제조설치,제9보병사단사령부
16315,위장숲녹색 페인트 등 28종 제조 납품,제9196부대
16316,위장숲녹색 페인트 등 28종 제조 납품,제9196부대
16610,예비군 총기손절 정비실 제조설치납품,제1989부대
16654,보조보일러(중형),방위사업청
16724,폴리우레탄 피복제(숲녹색) 페인트등 5품목 제조 납품,국군재정관리단
16725,폴리우레탄 피복제(숲녹색) 페인트등 5품목 제조 납품,국군재정관리단
16726,00연대 생활관(취사식당)식축 통합배선 제조설치,국군재정관리단
16813,00부대 독신숙소 커텐(롤 브라인드) 제조 / 설치,육군과학화전투훈련단
16904,00단010대대 시설공사 관급자재 [콘크리트파일],육군 제1군단
16996,757대대 차기다련장 내화페인트 제조설치,수도군단
16999,757대대 차기다련장 호이스트크레인 제조설치,수도군단
17051,경계용 휀스 제조설치 납품,수도방위사령부
17194,00부대 보일러 설치납품(2대),육군 52보병사단
17209,00지역 주거시설 관급자재 CCTV 제조설치,국군재정관리단
17260,신남아파트 취사용 LPG 구매,제3723부대
17269,17-제주 종합훈련장 콘크리트말뚝 제조,제9해병여단
17275,간부숙소 리모델링 출입문 제조 납품,제8385부대
17418,00단 무건리 동원훈련장 병영생활관_온수저장시설,육군 제1군단
17419,00단 무건리 동원훈련장 병영생활관_PD창호,육군 제1군단
17420,간부숙소 리모델링 씽크대 제조 설치,제8385부대
17424,00지역 주거시설 관급자재(발전기) 제조설치,국군재정관리단
17426,00지역 주거시설 관급자재(통합배선) 제조설치,국군재정관리단
17433,연평도 전기시설 개선공사-발전기 제조설치,제9911부대
17434,연평도 전기시설 개선공사-발전기 제조설치,제9911부대
17459,서바이벌 훈련용 페인트 볼 구매,국군재정관리단
17469,관급자재(콘크리트파일) 제조(4),국군재정관리단
17484,정찰용 UAV중대 신축 CCTV 제조설치,국군재정관리단
17486,침대생산자재 철재류(사각파이프 등 29종) 제조(2차),국방부조사본부
17487,침대생산자재 목재류(바닥판 등 3종) 제조(2차),국방부조사본부
17491,전력설비 개선 관급자재(전력제어시스템) 제조설치,국군재정관리단
17584,17-유류탱크 신축 콘크리트파일 구매,제20전투비행단
17585,17-충-공-7B 관급자재 스틸그레이팅 제조설치,공군제17전투비행단
17591,00부대 관사 싱크대 제조설치(17-300),제2307부대
17618,00학교 취약시설 CCTV 제조설치납품,육군3사관학교
17632,관급자재(콘크리트파일) 제조(3),국군재정관리단
17638,00부대 위병소 경계시설 제조설치납품,제2621부대
17646,00부대 관사 신발장 제조설치(17-299),제2307부대
17652,관사 신축 엘리베이터 제조설치(17-295),제2307부대
17655,계류시설 관급자재(콘크리트파일) 제조구매,제9181부대
17692,00부대 외곽 CCTV 제조설치,육군 제8군단
17704,시멘트 등 54품목 구매,연평부대
17710,00부대 도금정비고 관급자재 크레인 제조설치,제2879부대
17720,00군단 차기다련장 신축 CCTV 제조설치,국군재정관리단
17724,침대생산자재 목재류(바닥판 등 3종) 제조,국방부조사본부
17776,컨테이너하우스 제조설치 납품,수도방위사령부
17784,00아파트 보일러 교체공사,제5181부대
17806,00사단 본청 신축 전관방송 제조설치,국군재정관리단
17807,사격장 경계울타리 제조설치납품,제2군단
17808,755포병 차기다련장 내화페인트 제조설치,제2군단
17809,755포병 차기다련장 내화페인트 제조설치,제2군단
17810,755포병 차기다련장 호이스트크레인 제조설치,제2군단
17813,755포병 차기다련장 신축 PAD변압기 제조설치납품,제2군단
17814,755포병 차기다련장 경계울타리 제조설치납품,제2군단
17818,00부대 연구소 수배분전반 등 제조설치 납품,제1363부대
17821,02단 부대개편 간부숙소 신축 [ 보일러 ],육군 제1군단
17822,00부대 종합훈련장 승강기 제조설치 납품,특수전사령부
17825,간부숙소 시스템화장실 제조 설치납품,수도기계화보병사단
17826,간부숙소 개보수 붙박이장류 제조설치 납품,수도기계화보병사단
17835,간부숙소 싱크대 제조/설치,제20전투비행단
17886,20여단 간부숙소 신축 진공온수보일러 제조설치,제11기동사단
17887,20여단 간부숙소 신축 가구 제조설치,제11기동사단
17892,포병여단 포병사격장 방음벽 제조설치,제2군단
17893,군단주둔지/통신소 경계용 CCTV 제조설치,제2군단
17895,00부대 동원훈련장 생활관 전광판 설치납품,제6128부대
17898,18년 군 숙소 계단 청소 용역,제6685부대
17947,계룡및창공대 체력단련장 보일러용유류(하이신유)구매,육군인사사령부
18016,관급자재(콘크리트파일) 제조,제2136부대
18026,00아파트 싱크대 제조설치 납품,수도방위사령부
18056,가스보일러(25 000Kcal),제7001부대
18057,가스보일러(16 000Kcal),제7001부대
18058,가스보일러(13 000Kcal),제7001부대
18084,00부대 동원훈련장 생활관 합성수지제문 설치납품,제6128부대
18085,00부대 동원훈련장 생활관 진공온수보일러 설치납품,제6128부대
18086,00부대 동원훈련장 생활관 신발장 설치납품,제6128부대
18087,00부대 동원훈련장 생활관 통합배선 설치납품,제6128부대
18255,00아파트 공원체육시설 제조설치,제5861부대
18326,군 숙소 보일러 설치납품(단가),제2군단
18327,사무비품(책상 등 5종) 제조설치,국군재정관리단
18346,시멘트 등 93종,해군작전사령부
18356,방공대대 병영생활관 신축 통합배선 제조설치,국군재정관리단
18357,00부대 본청 신축 통합배선 제조설치,국군재정관리단
18394,보일러 제조 설치납품,제3697부대
18395,정신교육장비(스피커 등 7종) 제조설치,국군재정관리단
18408,간부숙소 바닥난방재 설치납품,수도기계화보병사단
18433,17-목-합동생활관 CCTV 구매/설치,해군제3함대사령부
18491,17-해병-00대대 관급자재(크레인) 제조설치,제9181부대
18559,01정비대대 병영생활관 신축(기와),육군 제1군단
18560,01정비대대 병영생활관 신축(기와),육군 제1군단
18574,철판복합 콘크리트 옹벽 제조 · 설치 납품,육군공병학교
18575,철판복합 콘크리트 옹벽 제조 · 설치 납품,육군공병학교
18581,00 골프연습장 컨베이어 제조설치,국군재정관리단
18583,관사 및 통합생활관 콘크리트파일 제조,제9해병여단
18625,파레트랙 제조설치,국군재정관리단
18683,법면보강 낙석방지책 제조설치 납품,수도방위사령부
18697,통합건물(의상) 관급자재(통합배선) 제조설치,국군재정관리단
18698,통합건물(의상) 관급자재(통합배선) 제조설치,국군재정관리단
18699,17년 풋살경기장 인조잔디 제조설치,제5861부대
18734,발전기(200kw) 제조설치,국군재정관리단
18741,수성페인트 등 12품목 구매(연평),연평부대
18784,17-통합건물(화약) 관급자재(전력 조명제어) 제조설치,국군재정관리단
18824,00부대 UPS 제조설치,국군재정관리단
18857,실내체육관 방송장비 제조설치,국군재정관리단
18881,보일러 등 135품목,제9181부대
18885,행사용 의자 제조설치,국군재정관리단
18915,이동식화장실 충전시스템 제조설치,국군재정관리단
18916,이동식화장실 태양광발전키트 제조설치(2),국군재정관리단
19018,스마트 보드 등 5종 제조설치,국군재정관리단
19031,합성수지제창 제조설치,국군재정관리단
19039,독신숙소 세탁기 구매,제6685부대
19056,00보급대대 파레트랙 제조설치,국군재정관리단
19057,00중대 임시시설 공사 컨테이너 제조설치납품,육군 제1군단
19067,00지역 아파트 도어락 설치납품,자운대근무지원단
19077,00부대 아파트 씽크대 제조 설치,제7789부대
19086,정찰용 UAV중대 신축 합성수지제창 제조설치납품,제2군단
19091,영내 놀이터 제조설치,공군제19전투비행단
19093,관급자재(콘크리트파일) 제조(2),국군재정관리단
19147,00지역 경계용 CCTV 제조설치,국군재정관리단
19162,가스보일러(25 000Kcal),제7001부대
19163,가스보일러(16 000Kcal),제7001부대
19164,가스보일러(13 000Kcal),제7001부대
19193,실내체육관 신축 관급자재(태양광발전장치) 제조설치,국군재정관리단
19194,생도 숙영비품(침대) 제조설치,국군재정관리단
19197,신길동아파트 상가 사우나 냉각기 설치납품,국방부근무지원단
19215,페인트 등 127품목,제3283부대
19220,관사 및 통합생활관 방송장비 제조설치,국군재정관리단
19236,공병대대 풋살경기장 인조잔디 제조설치 납품,제1862부대
19250,17-00대대 관급자재(통합배선) 제조설치,국군재정관리단
19365,경계용 CCTV 제조설치,국군재정관리단
19415,유성페인트 등 68품목 구매(연평),연평부대
19428,독신자숙소 가전제품 구매,공군군수사령부
19482,00부대 등 4개소 풋살장 인조잔디 제조설치(2차),제1보병사단
19492,이글루 탄약고 제습설비 제조설치,국군재정관리단
19493,이글루 탄약고 제습설비 제조설치,국군재정관리단
19500,페인트 등 25품목 제조 납품,제9196부대
19608,00부대 CCTV 제조설치,국군재정관리단
19611,테니스장 코트 제조설치,국군재정관리단
19612,테니스장 코트 제조설치,국군재정관리단
19613,장간조립교 수리부속 목재류 제조,국군재정관리단
19614,장간조립교 수리부속 목재류 제조,국군재정관리단
19622,페인트건 등 5품목,제9181부대
19624,충의아파트 싱크대 설치 납품,수도군단
19649,페인트가스켓제거제등12종구매,제2879부대
19800,통신전자장비(고정형 중계기 등 4종) 제조설치,국군재정관리단
19805,구내방송장치 제조설치,공군군수사령부
19806,구내방송장치 제조설치,공군군수사령부
19817,17-통합건물(화약) 관급자재 통합배선 제조설치,국군재정관리단
19845,전원케이블 릴 제조설치,국군재정관리단
19850,군 숙소 도배/장판 설치납품(단가),제2군단
19933,K계열 전차 패드정비기 제조설치,국군재정관리단
19936,로드휠 주행시험기 제조설치,국군재정관리단
19937,UAV중대 신축 통합배선 제조설치,국군재정관리단
19947,00부대 전차정비고 관급자재 콘크리트파일 구매,제2879부대
19972,17년 학교교실 사무용품 제조설치,국군재정관리단
19994,00후속양산사업 크레인 제조설치,국군재정관리단
19995,17년 학교교실 PC 등 3종 제조설치,국군재정관리단
20010,00부대 이전사업 진공온수보일러 제조 설치납품,제1729부대
20064,공군교육사령부 독신자숙소 세탁기 159대 구매 설치,공군교육사령부
20070,철선  비 전기용 등 6종,해군군수사령부
20175,00지역 풋살장 인조잔디 제조설치,자운대근무지원단
20240,00부대 등 4개소 풋살장 인조잔디 제조설치,제1보병사단
20253,철판복합 콘크리트 옹벽 제조 · 설치 납품,육군공병학교
20259,17년 풋살경기장 인조잔디 제조설치납품(3개소),제2167부대
20295,스팀 건조기(100kg) 제조설치납품,국군대전병원
20371,00부대 간부숙소 냉난방기 교체(설치납품),제1891부대
20443,0전대 관급자재(배전반)제조설치(20199033-D),국군재정관리단
20530,주거시설 완강기 제조설치납품,수도방위사령부
20547,시동독신숙소 등 2개소 자산취득 구매,제11기동사단
20549,19년 00부대 주거시설 싱크대 제조설치납품,제2062부대
20612,생활관 관급자재(관물함) 제조납품(20196127-C),국군재정관리단
20622,화학저항페인트,방위사업청
20623,희석제 페인트제품용,방위사업청
20641,양구지역 군 숙소 보일러 설치납품,제7162부대
20660,19관리 풋살경기장 인조잔디 제조설치 납품,제5군단사령부
20734,독신숙소 분리수거장 자재구매/설치,국군의무사령부
20747,19-00아파트 씽크대 제조 설치 납품,제7001부대
20784,관사 싱크대 제조설치(19-167),제2307부대
20785,관사 신발장 등 2종  제조설치(19-167),제2307부대
20886,통합건물(의상) 관급자재(통합배선) 제조설치,공군방공관제사령부
20925,00부대 관급자재(통합배선) 제조설치 납품,수도군단
20976,군 숙소 보일러 교체(설치납품),제7162부대
21008,19년 예비군용 총기손질정비실 제조설치,제32보병사단
21029,00창 0도크 캡스턴 물품 제조설치,해군군수사령부
21058,생활관 옷장 등 53종 제조납품(20197098-D),국군재정관리단
21059,주거시설(관사 및 간부숙소) 완강기 구매,육군교육사령부
21067,포상유개화사업 콘크리트파일 제조(20196152-F),국군재정관리단
21087,12사단 간부숙소 용도변경 관급자재(통합배선),제1862부대
21175,증기보일러 제조 설치,제3283부대
21180,주거시설 완강기 SET 제조설치납품,제5군단사령부
21202,주거16호 해오름아파트 창호 제조설치,육군 제8군단
21228,19년 학교교실 디지털화(PC)제조설치(20196135-G),국군재정관리단
21236,00지역 자동제어장치 제조설치,자운대근무지원단
21260,00부대 합성수지제 문 제조설치납품,육군 52보병사단
21272,(대)203특공 간부숙소 보일러 설치납품,제32보병사단
21314,19-가스보일러 LNG 16K 등 2종 구매 설치,국군재정관리단
21331,00교 보일러 제조/구매,육군부사관학교
21336,00아파트 3동 싱크대 제조 설치 납품,제3130부대
21423,00학교 시설유지관리 자동제어 단독망 제조설치납품,육군종합행정학교
21454,00지역 발전기(60kw) 제조설치납품,국군지휘통신사령부
21457,00정비대대 관급자재(오버헤드크레인) 제조설치,수도군단
21494,19-보급대대 저장랙 제조설치,국군재정관리단
21512,19-경계용 CCTV 제조설치(20198104-C),국군재정관리단
21513,19-경계용 CCTV 제조설치(20198104-C),국군재정관리단
21527,생존훈련장 신축 관급자재(콘크리트파일) 제조납품,제9911부대
21528,생존훈련장 신축 관급자재(콘크리트파일) 제조납품,제9911부대
21676,00부대 테니스장 인조잔디 제조설치,육군교육사령부
21748,2공구 싱크대 제조설치(19-23),제2307부대
21797,오뚜기아파트 싱크대 제조설치납품,제5군단사령부
21798,19-175 (시설대대 / 트래픽페인트 등 49종),공군사관학교
21812,103풋살경기장 인조잔디 제조설치 납품,제5군단사령부
21813,칠성그린아파트 가스보일러 구매(20196128-A),국군재정관리단
21819,관사 신축 관급자재-콘크리트 파일,제7162부대
21820,관사 신축 관급자재-콘크리트 파일,제7162부대
21821,간부숙소 용도변경 관급자재(PD창호),제1862부대
21827,삼성아파트 6~9동 창호 교체,제1968부대
21828,[19-72]청성아파트 4개동 창호 제조설치,제3007부대
21850,간부숙소 노후비품 구매,제2군단
21871,지구변전실 몰드변압기 제조설치,제2879부대
21872,지구변전실 몰드변압기 제조설치,제2879부대
21883,1공구 싱크대 제조설치(19-22),제2307부대
21910,생활관 관급자재(콘크리트파일) 제조납품(20196105-D),국군재정관리단
21911,생활관 관급자재(콘크리트파일) 제조납품(20196105-D),국군재정관리단
21923,생활관 관급자재(통합배선) 제조설치(20196106-D),국군재정관리단
21936,일동승진아파트 싱크대 제조설치 납품,제5군단사령부
21940,이동승진아파트 싱크대 제조설치 납품,제5군단사령부
21956,보일러 제조 설치(19-110),수도방위사령부
21957,보일러 제조 설치(19-110),수도방위사령부
21958,보일러 제조 설치(19-110),수도방위사령부
22014,보조보일러(중형),방위사업청
22015,보조보일러(중형),방위사업청
22027,간부숙소 신축 비품(세탁기 등 2종) 설치납품,계룡대근무지원단
22028,보일러 약품(청관제 등 16종) 구매,계룡대근무지원단
22034,이동승진 5동 싱크대 제조설치 납품,제5군단사령부
22047,GOP 소초 생활관 신축 기와 제조납품,제1보병사단
22048,백학부대 생활관 신축 냉난방기 설치납품,제1보병사단
22049,독신숙소 신축 관급자재(통합배선) 제조설치 납품,수도군단
22050,부스형 분리수거장 제조설치 납품(3동),제5861부대
22051,(대)32사단 간부숙소 보일러 설치납품,제32보병사단
22290,0전단 육상사격장 사격장비제조설치,국군재정관리단
22292,군 숙소 도배 및 장판 납품 설치,제5738부대
22411,병영생활관 침대생산자재(부수자재),국방부조사본부
22412,병영생활관 침대생산자재(포장자재),국방부조사본부
22438,장례식장 신축 알루미늄 쉬트 제조설치(20197008-F),국군재정관리단
22440,철재 팔레트 제조/구매,제9196부대
22441,철재 팔레트 제조/구매,제9196부대
22619,수성백색페인트 등 3종 구매,해군군수사령부
22672,위장숲녹색 페인트 등 10품목 제조/구매 납품,제9196부대
22842,저소음 직교류형 냉각탑 제조설치 (201910016-F),국군재정관리단
22900,철선 비 전기용 등 3종 구매,해군군수사령부
22936,군사시설 가림간판 제조설치,육군인사사령부
23000,새동네아파트 싱크대 제조설치 납품,제5군단사령부
23086,서바이벌 훈련용 페인트볼 구매(20196031-A),국군재정관리단
23293,컨테이너(17동) 제조설치(18-396),제2307부대
23294,컨테이너(17동) 제조설치(18-396),제2307부대
23326,00함기중차단기 제조설치(20198048-I),국군재정관리단
23564,두미르아파트 인터컴 설치납품,제2군단
23863,19-00공사 관급자재(콘크리트파일) 제조(201910013-G),국군재정관리단
23864,19-00공사 관급자재(콘크리트파일) 제조(201910013-G),국군재정관리단
24065,군 숙소 싱크대 제조 설치,제5738부대
24263,123기보 생활관 및 취사식당 신축 관급자재 보일러,제8기동사단
24264,123기보 생활관 및 취사식당 신축 관급자재 보일러,제8기동사단
24407,00사업 수배전반·MCC·분전반 제조설치(20199024-F),국군재정관리단
24565,19-1차 침대생산자재(목재류) 제조,국군재정관리단
24566,19-1차 침대생산자재(목재류) 제조,국군재정관리단
24612,00아파트 씽크대 제조 설치납품,제5733부대
24764,19-1차 침대생산자재(철재류) 제조,국군재정관리단
24923,이동형페인트분무기 등 2종 구매,해군군수사령부
24931,항공기 온도 챔버(항온항습기) 제조설치 납품,제3707부대
25037,00군단 UAV중대 CCTV 제조설치,국군재정관리단
25040,상무아파트 싱크대 제조납품(재),육군상무대근무지원단
25045,집진기 제조설치납품,국군재정관리단
25047,00사령부 치장창고 저장대 제조설치,국군재정관리단
25049,아파트 가스보일러 설치 납품,수도방위사령부
25057,00부대 등 4개부대 정수처리시설 제조설치,제6685부대
25058,부대개편 통합배선 제조설치(양주시),국군재정관리단
25059,00부대 부대개편 관급자재 LED전광판 제조설치,제5067부대
25063,00부대 간부숙소 가스보일러 설치납품,제3007부대
25104,고철용(철스크랩)압축기 제조설치납품,제2217부대
25105,고철용(철스크랩)압축기 제조설치납품,제2217부대
25110,해상용 발전기 제조설치,국군재정관리단
25123,생활관 신축 관급자재 수배전반 제조설치,국군재정관리단
25145,18-00사 관급자재(고강도콘크리트 말뚝) 제조 납품,국군재정관리단
25160,00군단 간부숙소 비품(세탁기)구매,국군재정관리단
25167,00부대 보일러 교체,육군 52보병사단
25177,18-00사 관급자재(사인물) 제조설치,국군재정관리단
25178,18-00사 관급자재(빌딩자동제어장치) 제조설치,국군재정관리단
25184,3개 부대 관급자재 통합배선 제조설치,국군재정관리단
25185,부대개편 관급자재 통합배선 제조설치 납품(서초구),국군재정관리단
25186,3개 부대 시설공사 관급자재 콘크리트 파일 제조납품,국군재정관리단
25202,UPS(무정전전원장치)제조설치,공군제1전투비행단
25206,123기보대대 병영생활관 및 취사식당 신축 관급 PD,제8기계화보병사단
25207,태릉체력단련장 로커룸 가구 제조설치,국군재정관리단
25241,00항육상시설공사관급자재(진공온수보일러)제조설치,제8385부대
25243,차기다련장 6차 호이스트크레인 제조설치,제1보병사단
25289,219여단 부대개편사업 콘크리트파일 제조납품,제3697부대
25291,00부대 주둔지 경계시스템 CCTV 제조설치,국군재정관리단
25294,GOP 간부숙소 냉난방기 구매,제1862부대
25295,00대대 탄약고 제습기 제조설치,국군재정관리단
25302,부대개편 관급자재 자동제어시스템 제조설치,국군재정관리단
25316,철선 1항목 구매(물자),육군군수사령부
25322,방재설비 제조설치,국군재정관리단
25330,OO부대 온수보일러 교체(설치납품 6개소) 1,제5861부대
25331,OO부대 온수보일러 교체(설치납품 8개소) 2,제5861부대
25332,OO부대 온수보일러 교체(설치납품 4개소) 3,제5861부대
25333,OO부대 온수보일러 교체(설치납품 7개소) 4,제5861부대
25335,00부대 CCTV 제조설치,국군재정관리단
25339,219여단 자동제어장치 제조설치,제3697부대
25368,oo사격장 사격장비 제조설치,제9181부대
25373,18-00사 관급자재(크레인) 제조설치,국군재정관리단
25376,00부대 B D중대 생활관 리모델링(통합배선),제3007부대
25377,00부대 부대개편 콘크리트파일 제조납품,제5067부대
25408,00기보여단 관급자재(통합배선)제조설치,국군재정관리단
25415,궤도 무인운반차량 제조설치,국군재정관리단
25416,궤도 무인운반차량 제조설치,국군재정관리단
25417,궤도 해체기(K1 K1-P) 제조설치,국군재정관리단
25420,아파트 가스보일러 교체 설치납품,육군학생군사학교
25427,18-00사 관급자재(발전기) 제조설치,국군재정관리단
25428,(18-1131)페인트(수성)외 108품목,공군제17전투비행단
25452,18-650차 교관통제실 컨테이너 제조설치납품,제1989부대
25458,정비장비(세척기 궤도용) 제조설치,국군재정관리단
25466,18-00사 관급자재(자동제어) 제조설치,국군재정관리단
25474,18-00사 관급자재(무대장치) 제조설치,국군재정관리단
25476,18-00사 관급자재(방송 AV) 제조설치,국군재정관리단
25486,간부숙소(현리) EHP 설치납품(18-384),제2307부대
25535,18-00사 관급자재(롤스크린) 제조설치,국군재정관리단
25541,12항공단 부대개편 통합배선 제조설치납품,제2군단
25553,민영관사  청파관사 보일러,공군제18전투비행단
25555,18-240 보일러그을음제거제 등 124종 구매,공군사관학교
25573,부대개편 통합배선 제조설치,국군재정관리단
25580,18-00사 관급자재(통합배선) 제조설치,국군재정관리단
25582,부대개편 관급자재(크레인) 제조설치,국군재정관리단
25583,조립식 철근콘크리트 암거블록,제9918부대
25595,00부대 부대개편 관급자재 통합배선 제조설치,제5067부대
25596,통합배선반 제조설치 납품,제9691부대
25605,도로용페인트 등 3종(18-243),공군제1전투비행단
25630,18-00사 관급자재(CCTV) 제조설치,국군재정관리단
25640,18-00전비(원주) 포장콘크리트 제조,공군 제8전투비행단
25691,00원 생활관 커튼 구매 설치,합동군사대학교
25765,간부숙소 세탁기 구매(K-100),제2307부대
25817,부대개편 진공온수보일러 제조설치,국군재정관리단
25818,부대개편 진공온수보일러 제조설치,국군재정관리단
25829,간부숙소 냉방기 구매,제11기동사단
25951,도장자재 단조철선등26종 구매,제2879부대
25982,00부대 부대개편 관급자재 자동제어 제조설치,제5067부대
25983,차기다련장 6차 관급 통합배선 제조설치,제1보병사단
25984,12항공단 부대개편 콘크리트파일 제조납품,제2군단
26022,정비장비(열처리장비3종) 제조설치,국군재정관리단
26023,탄약대대 경계시설 보강 CCTV 제조설치,국군재정관리단
26030,2/4분기 위임보수 16차 자재구매(OO부대 보일러 등),제5861부대
26048,ZS지역 간부숙소 전기오븐 구매설치,국군재정관리단
26053,00지역 간부숙소 2단 세탁건조기 구매 및 설치,국군재정관리단
26065,가스보일러 13 000kcal,제7001부대
26066,가스보일러 16 000kcal,제7001부대
26067,가스보일러 25 000kcal,제7001부대
26094,함안대 체력단련장 직원숙소 창호 제조설치,육군인사사령부
26095,함안대 체력단련장 직원숙소 창호 제조설치,육군인사사령부
26096,생활관 침대생산자재(목재류) 제조납품,국군재정관리단
26126,00부대 피뢰침교체등14건 CCTV 제조설치납품,국군재정관리단
26130,4지역 병영시설 가구 제조설치,국군재정관리단
26150,00부대 이전사업 관급자재 합성수지창호 제조설치,국군재정관리단
26184,00사령부 관급자재(호이스트크레인)제조설치,국군재정관리단
26193,상무 아파트 빨래건조대 구매,육군상무대근무지원단
26199,정보통신대대 풋살경기장 인조잔디 제조설치,육군제53보병사단
26202,00대 외국군숙소 가구 제조설치,국군재정관리단
26207,천보아파트 및 매입아파트 보일러 교체,제8기계화보병사단
26215,부대개편 일반지원대대 관급자재(크레인) 제조설치,국군재정관리단
26239,5차사업(83정비) 크레인 제조설치(18-136),제2307부대
26254,00부대 관급자재(콘크리트파일) 제조,국군재정관리단
26260,18-보일러 자동제어 제조 설치,국군재정관리단
26341,5차사업(759포병대대) 크레인 제조설치(18-151),제2307부대
26343,이글루 탄약고 제습설비 제조설치(18-204),제2307부대
26375,00부대 신축 관급자재(화강석) 제조설치,국군재정관리단
26376,00부대 신축 관급자재(엘리베이터) 제조설치,국군재정관리단
26377,보급창고 적층렉 제조설치,국군재정관리단
26392,진공포장기(대형) 제조설치,국군재정관리단
26393,진공포장기(대형) 제조설치,국군재정관리단
26398,17-2대대 병영생활관 보일러 제조 설치납품,제1729부대
26405,123기보대대 병영생활관 및 취사식당 관급 통합배전,제8기계화보병사단
26459,부대개편 군수지원A B대대 관급자재(크레인) 제조설치,국군재정관리단
26476,00부대 등 3곳 보일러 설치납품,육군 52보병사단
26485,국방헬프콜 양화진지 가림간판 제조설치,국방부조사본부
26489,00부대 신축 관급자재 통합배선 제조설치,국군재정관리단
26497,군인아파트 가구 제조 및 설치,국군재정관리단
26513,00부대 관급자재(건식제습기) 제조설치,국군재정관리단
26555,18년 경계용 CCTV 추가 제조설치,국군재정관리단
26605,00부대 해외파병교육센터 난방보일러 교체 설치납품,특수전사령부
26630,00아파트 PW창호 제조설치,국군재정관리단
26638,탄두회수장치 고무블럭 TYPE 제조설치,국군재정관리단
26689,예배당 등 4개시설 가구 제조설치,국군재정관리단
26737,유무선 통합용 MW장비 MSPP 제조설치,국군재정관리단
26741,페인트 등 7품목 구매,연평부대
26755,UPS 제조설치(교체포함),국군재정관리단
26756,6군단 관사 캠프님블 신축 관급자재 보일러(가정용),제8기계화보병사단
26757,6군단 관사 캠프님블 신축 관급자재 보일러(가정용),제8기계화보병사단
26773,콘크리트파일 제조납품(18-152),제2307부대
26786,00지역 주거시설 관급자재(자동제어) 제조설치,국군재정관리단
26850,00부대 A B지역 풋살경기장 인조잔디 제조설치납품,제17보병사단
26886,EPS유수분리기 제조설치,해군군수사령부
26899,임시체류 독신숙소 가구 제조설치,국군재정관리단
26909,항온항습기 제조설치 납품,국군재정관리단
26911,유압유 플러싱장비 제조설치 납품,국군재정관리단
26923,시멘트 등 114품목,제9181부대
26963,무기보관용 컨테이너 제조설치납품,제1989부대
27000,00부대 경계용 CCTV 제조설치(교체),국군재정관리단
27062,유류중대 자동누유감지기 제조설치,국군재정관리단
27067,이동형 페인트분무기 2EA 구매,해군군수사령부
27088,자운대 골프연습장 컨베어 자동제어반 제조설치,육군인사사령부
27118,관급자재(콘크리트파일) 제조,국군재정관리단
27119,20mm철재 탄피통 외주정비,공군군수사령부
27127,전신주 지중화 지상변압기 제조설치납품,국군재정관리단
27129,MW통신소 전원공급장치 제조설치,국군재정관리단
27163,보일러(온수형) 등 86품목,제9181부대
27183,임시체류 독신숙소 전자제품 구매설치,국군재정관리단
27213,00부대 관급자재(발전기) 제조설치,국군재정관리단
27217,컨테이너(14동) 제조설치(18-273),제2307부대
27237,18-OO창 추진기관정비고 크레인 제조설치,해군군수사령부
27241,아파트 에어컨실 방충망 설치납품,육군학생군사학교
27323,00부대 관급자재(배전반) 제조설치,국군재정관리단
27342,○○대대 테니스장 및 풋살장 인조잔디 제조설치,공군제10전투비행단
27372,군숙소 합성수지제창 제조설치 납품,제3707부대
27376,생활관 침대 생산자재(철재류) 제조납품,국군재정관리단
27397,관급자재(콘크리트 파일) 제조,국군재정관리단
27411,이글루 탄약고 제습설비 제조설치,국군재정관리단
27435,영외아파트 독신숙소 보일러 제조설치납품,육군상무대근무지원단
27452,00대대 생활관 등 신축공사 PD창호 제조/설치,제9691부대
27457,정비장비(판조립체 압입기용(K-1)) 제조설치,국군재정관리단
27470,창설부대 비품 제조설치납품,제5378부대
27500,콘크리트파일 제조납품(18-94),제2307부대
27503,콘크리트파일 제조납품(18-221),제2307부대
27562,00부대 관급자재(보일러) 제조설치,국군재정관리단
27580,가스보일러 25 000kcal,제7001부대
27581,가스보일러 16 000kcal,제7001부대
27582,가스보일러 13 000kcal,제7001부대
27585,폴리우레탄페인트 구매,제2879부대
27591,00부대 맹호아파트 PW창호 제조/설치 납품,수도기계화보병사단
27599,6군단 관사 캠프님블 신축 관급자재 콘크리트파일,제8기계화보병사단
27615,전기시설 일반 몰드변압기 제조설치납품,국군재정관리단
27626,00아파트 가스공급,육군부사관학교
27627,18-기동 중계장비(차량장착) 제조설치,국군재정관리단
27637,00부대 관급자재(크레인) 제조설치,국군재정관리단
27638,00사령부 관급자재(콘크리트파일) 제조,국군재정관리단
27640,8사단 간부숙소 신축 관급자재 통합배선,제8기계화보병사단
27664,00부대 노후 CCTV 교체 제조설치,국군재정관리단
27676,체력단련장 관류보일러 제조설치,국군재정관리단
27677,00부대 폐수고도처리시설 오존산화기 제조설치,제2879부대
27682,후속사업(204항공대대) 크레인 제조설치(18-93),제2307부대
27685,부대개편사업 관급자재(크레인) 제조설치,국군재정관리단
27848,보배  경림  백호아파트 싱크대 교체,제7162부대
27851,군 숙소(동면  방산  남면) 보일러 교체,제7162부대
27852,군 숙소(양구) 보일러 교체(1),제7162부대
27857,20-160 보일러버너 등 45종,공군사관학교
27967,군 숙소(양구) 보일러 교체(2),제7162부대
27968,경계시설 보강공사 자재구입(유자철선 등 6종),제1989부대
27971,에비군훈련용 서바이벌 페인트볼 구매,제1989부대
28023,군사시설 가림간판 제조설치,육군인사사령부
28117,신남아파트 3동 싱크대 교체 설치,제3130부대
28205,K1전차 철선등19종 구매,제2879부대
28225,시설자재(콘크리트 드릴날 등 259종) 구매,계룡대근무지원단
28253,구봉마을 아파트 씽크대 제조설치,자운대근무지원단
28294,20-컨테이너 2종 제조설치,국군재정관리단
28298,전자법정시스템 장비 제조설치 납품,제5군단사령부
28434,4성장군숙소 러그 구매설치 계약(2010028-H),국군재정관리단
28439,4성장군숙소 전자제품 구매설치(2010027-H),국군재정관리단
28454,예비군훈련용 서바이벌 페인트볼 구매,육군제53보병사단
28516,페인트분무기 1종 구매,해군군수사령부
28535,00부대 간부숙소 씽크대 제조설치,제3130부대
28562,(206123-C) 국방색페인트 등 12종 제조,국군재정관리단
28596,콘크리트 믹서기 등 3종 구매,해군군수사령부
28712,공기압축기 제조설치(통합정비고 신축공사 관급자재),제8385부대
28713,공기압축기 제조설치(통합정비고 신축공사 관급자재),제8385부대
28714,유수분리기 제조설치(통합정비고 신축공사 관급자재),제8385부대
28827,00부대 풋살장 인조잔디 제조설치납품(화),수도군단
28828,00부대 풋살장 인조잔디 제조설치납품(방),수도군단
28831,20-디젤발전기 150Kw 4대 제조설치,국군재정관리단
28834,20-디젤발전기 200KW 9대 제조설치,국군재정관리단
28849,20-이동식 부스 제조설치,국군재정관리단
28857,00부대 간부숙소 신축(100실) 통합배선 제조설치,수도기계화보병사단
28921,20-해양무인체계 교육센터 신축 콘크리트 말뚝 구매,국군재정관리단
28929,20-K-건립관사 보일러(LNG) 구매 설치,제9181부대
28974,(206154-E)관사 싱크대 등 2종 제조설치,국군재정관리단
29074,공기청정기 필터 제조설치,제1968부대
29100,20-디젤발전기 500KW등 2종 제조설치,국군재정관리단
29138,(206025-D)병영생활관 개수공사 냉난방기 구매설치,국군재정관리단
29147,20년 공기청정기 필터 제조설치,제1보병사단
29151,위장색페인트류 등 20품목 제조 구매,제9181부대
29202,20-K-간부숙소 전자도어락 구매,제9181부대
29236,20년 예비군훈련용 서바이벌 페인트볼 제조납품,제6755부대
29365,(206125-F)간부숙소 에어컨 구매설치,국군재정관리단
29440,00부대 간부숙소 비품(건조기) 구매,제3130부대
29449,파형강관(커플링밴드 포함) 제조 구매,공군제19전투비행단
29450,파형강관(커플링밴드 포함) 제조 구매,공군제19전투비행단
29492,20-디젤발전기 300KW 4대 제조설치,국군재정관리단
29506,간부숙소 에어컨 신규 설치 납품(156대),육군 제1군단
29601,통합배선 제조설치(통합정비고 신축공사 관급자재),제8385부대
29767,관사 신축 관급자재-타일(제조납품),제7162부대
29839,간부숙소 전자제품 구매(11개소),육군 제1군단
29933,천장크레인 제조설치(19-447),제2307부대
29989,바니시  아스팔트용 1종 구매,해군군수사령부
30091,앵글  건축용 등 5종 구매,해군군수사령부
30497,김영관복합문화센터 숙소 가구 등 제조·구매,제9918부대
30498,김영관복합문화센터 숙소 가구 등 제조·구매,제9918부대
30505,도장자재 단조철선등31종 구매,제2879부대
30535,포병여단 등 7개부대 컨테이너 제조설치 납품,제5군단사령부
30581,(207072-E)칠성그린아파트 가스보일러 구매,국군재정관리단
30729,가스보일러 등 4품목 구매,제9196부대
30950,독신숙소 냉난방기 설치납품,수도군단
30951,00부대 병영생활관 에어컨 설치,제1288부대
31264,페인트 등 26품목 구매,제9196부대
31265,페인트 등 26품목 구매,제9196부대
31407,20년 성무아파트 난방연료(LPG) 공급계약의뢰(1),공군사관학교
31409,페인트 오손방지용 등 2종,해군군수사령부
31497,19-해병-병영생활관 통합배선설비,제9181부대
31652,수성페인트 등 86종 구매(20208058-F),국군재정관리단
31674,20-02-039 발전기세트 15kw 제조설치,공군제16전투비행단
31833,19-00사 육상생활관 증축 가구 제조(20198229-H),국군재정관리단
31835,19-공-외곽울타리교체공사 관급 속빈콘크리트 구매,공군제11전투비행단
31857,관급자재(통합배선반) 제조설치(20198249-F),국군재정관리단
31860,간성아파트 신축공사 가구-신발장 제조설치,제5861부대
31861,간성아파트 신축공사 관급자재(주방가구) 제조설치,제5861부대
31862,간성아파트 신축공사 관급자재(기타가구) 제조설치,제5861부대
31864,19-00사 고속침투차단시설 로드블록 제조설치납품,제7001부대
31869,본부 PW창호 제조설치(19-397),제2307부대
31870,대대 PW창호 제조설치(19-421),제2307부대
31917,간부숙소 씽크대 제조설치,자운대근무지원단
31934,19-작전지휘소 및 본청 신축 출입통제설비 제조설치,국군재정관리단
31939,19-작전지휘소 및 본청 신축 전력제어설비 제조설치,국군재정관리단
31947,00부대 크레인 제조설치(19-240),제2307부대
31948,관사신축 타일 제조납품(19-164),제2307부대
31949,관사신축 타일 제조납품(19-164),제2307부대
31963,정비고 관급자재(콘크리트 파일)제조납품,육군제8971부대
31964,정비고용 오버헤드 크레인 제조설치납품,육군제8971부대
31965,19년 조종사(장교) 양성과정 숙소 비품 구매,육군항공학교
31966,19년 간부숙소 비품 구매,육군항공학교
31967,(조달 19-3-281) 간부숙소 노후싱크대 제조 설치,제3훈련비행단
31990,소형·중형 굴삭기 방탄탑 제조설치,제5861부대
31997,정보통신대대 보일러교체(설치납품),제7162부대
32030,감시제어설비 제조설치(20199154-F),국군재정관리단
32038,19-작전지휘소 및 본청 신축 공기조화기 제조설치,국군재정관리단
32040,관사 신축 관급자재(콘크리트파일) 제조,제1862부대
32042,관사 신축 관급자재(가스보일러) 제조,제1862부대
32074,105-2대대 병영생활관 개수(CCTV),제2632부대
32076,기동방공 행정시설 통합배선 제조설치,제5067부대
32079,평택 00부대 통합배선 제조설치,제5067부대
32080,170-3대대 병영생활관 개수공사 관급자재(통합배선),제5708부대
32081,172-3대대 병영생활관 개수공사 관급자재(통합배선),제5708부대
32083,19-교육사 고속침투차량 차단시설 제조설치납품,해군교육사령부
32084,간성아파트 신축공사 관급자재(플라스틱 도어),제5861부대
32108,아파트 싱크대 제조설치(19-367),제2307부대
32135,105-2대대 병영생활관 개수(통합배선),제2632부대
32136,19년 선택녹취 자동안내장치 제조설치,국군수도병원
32139,수문 제조설치(20199156-F),국군재정관리단
32162,단조철선등26종 구매,제2879부대
32207,00사격장 방초매트 제조설치납품,육군제8971부대
32219,간부숙소 신축 사업 관급자재(MCC 및 분전반),연평부대
32241,중량물 저장대 제조설치납품-강원도,제5378부대
32249,재사용-045 진공온수보일러 제조 설치,육군 제1군단
32262,ㅇㅇ함 NO.2 비자성 보조보일러 정비,해군군수사령부
32263,ㅇㅇ함 NO.2 비자성 보조보일러 정비,해군군수사령부
32266,성남지역 시설공사 통합배선 제조설치,제7군단
32268,1수송교육연대 노후 보일러 제조설치납품,제11기동사단
32283,중량물 저장대 제조설치납품-경기도,제5378부대
32302,노후보일러교체관급자재(보일러)제조납품(20196288-A),국군재정관리단
32308,청운아파트 싱크대 제조설치납품,제7297부대
32319,학교 사인물(이정표 및 안내판) 보수 및 제조설치,육군사관학교
32323,아파트 싱크대 교체 설치납품,제3707부대
32342,00부대 경계시설 출입통제시스템 제조설치,수도군단
32353,계룡대아파트  간부숙소 싱크대 제조 설치납품,계룡대근무지원단
32385,간부숙소 용도변경 관급 통신단자함 설치납품R,제8기동사단
32386,00부대 간부숙소 진공온수보일러 제조설치(신-18),특수전사령부
32387,주거-재5호 군 숙소 완강기 설치납품(통합),육군 제8군단
32392,00부대 군숙소 노후보일러 교체,제2307부대
32393,아스팔트 라우터용 절단날 등 3종 구매,공군제19전투비행단
32405,전자전 2반 생활반 관급자재(분전반) 제조설치,제9196부대
32406,전자전 2반 생활반 관급자재(분전반) 제조설치,제9196부대
32414,00지역 풋살구장 인조잔디 제조설치(2개소),육군인사사령부
32415,703체계 안테나 관제시스템(CCTV)제조설치 납품,제3707부대
32418,계룡체력단련장 자동제어 제조설치(20196312-A),국군재정관리단
32437,관급자재(구내방송장치) 제조설치(20198250-F),국군재정관리단
32438,19-작전지휘소 및 본청 신축 자동제어 제조설치,국군재정관리단
32463,도금장비 3종 제조설치(20196280-C),국군재정관리단
32464,도금장비 3종 제조설치(20196280-C),국군재정관리단
32465,도금장비 3종 제조설치(20196280-C),국군재정관리단
32491,핸드폰보관함 제조설치(19-142),수도방위사령부
32497,덕정아파트 노후 보일러 설치납품(83세대)R,제8기동사단
32522,아파트 4개동 싱크대 제조설치납품,제11기동사단
32544,전자전 2반 생활관 관급자재(통합배선)제조 설치,제9196부대
32548,신 구 간병인숙소 일반비품 구매,국군의무사령부
32549,신 구 간병인숙소 일반비품 구매,국군의무사령부
32585,청운아파트 샷시 설치 납품,제3697부대
32625,병영생활관 개수 및 증축공사 통합배선 제조설치,제9보병사단사령부
32628,19-목-00부대 모노레일 제조설치,해군제3함대사령부
32629,19-정비고 리모델링 크레인 제조설치,공군제11전투비행단
32650,간성아파트 신축 관급자재(자동제어) 구매계약,제5861부대
32651,간성아파트 신축 관급자재(MCC) 제조설치,제5861부대
32652,간성아파트 신축 관급자재(통합배선) 구매계약,제5861부대
32653,간성아파트 신축 관급자재(화강석) 제조납품,제5861부대
32654,간성아파트 신축 관급자재(엘리베이터) 제조설치,제5861부대
32670,군숙소 실내등 구매,제9965부대
32676,19-00사 화염유입방지장치 및 기압조절장치 제조설치,국군재정관리단
32690,간성아파트 신축 관급자재(온돌마루) 제조설치,제5861부대
32698,15방공 풋살경기장 인조잔디 제조설치 납품,제5군단사령부
32852,관급자재(건식제습기)제조설치(20196162-E),국군재정관리단
32901,샌더  회전식 제조설치 납품,제2217부대
32904,기동헬기대대 부대개편 관급자재 보일러,육군 제1군단
32933,건식제습기 제조설치,공군제16전투비행단
32934,19-간부숙소 전자도어락 구매 설치,국군재정관리단
32994,가스보일러 13 000Kcal,제7001부대
32995,가스보일러 16 000Kcal,제7001부대
32996,가스보일러 25 000Kcal,제7001부대
33029,솔  페인트용 등 6종 구매,해군군수사령부
33036,장보고-III 관급자재(토목섬유)제조 (20198163-F),국군재정관리단
33044,페인트 등 28품목 구매,연평부대
33117,경계용 CCTV 제조설치 (20198236-F),국군재정관리단
33119,19-신-09 기계공사 보일러 제조 설치납품,제2621부대
33161,상무대 영외통합숙소 싱크대제조설치,육군상무대근무지원단
33162,상무대 간부숙소 19평 싱크대제조설치,육군상무대근무지원단
33163,상무대 아파트 21평 싱크대제조설치,육군상무대근무지원단
33165,생활관 먼지털이용 공기압축기 구매,제6128부대
33166,팬코일유닛 제조설치(20196214-F),국군재정관리단
33176,19-00사 육상생활관 증축 통합배선반 제조 설치,국군재정관리단
33235,19-함내외통합통신장비(ICS) 제조설치(20198013-G),국군재정관리단
33248,수배전반 제조설치(20199155-F),국군재정관리단
33285,CCTV 제조설치 (20198212-F),국군재정관리단
33287,진공포장기(대형)제조설치(20196197-E),국군재정관리단
33303,1968부대 삼성아파트 7 9동 싱크대 교체 설치납품,제1968부대
33304,00지역 방공 고속지령대 제조설치,제6군단사령부
33305,00지역 방공 고속지령대 제조설치,제6군단사령부
33329,이글루 탄약고 제습설비 제조설치(20196184-E),국군재정관리단
33347,639대대 울타리 보수 공사 콘크리트 블록,제5861부대
33371,생활관 비품(세탁기 63대) 설치납품,계룡대근무지원단
33380,19-B-간부숙소 냉·온 정수기 임차 용역,제9196부대
33424,포병여단 등 5개부대 컨테이너 제조설치 납품,제5군단사령부
33425,52군지단 한마음아파트 씽크대 설치납품,제6128부대
33426,52군지단 한마음아파트 창호 설치납품,제6128부대
33562,19-경계용 CCTV 제조설치(20198237-F),국군재정관리단
33575,관사 신축 관급자재-콘크리트 파일,제7162부대
33595,남성대아파트 싱크대 제조설치 납품,육군종합행정학교
33721,(19-1115)시멘트외 123품목 구매,공군제17전투비행단
33732,00부대 항온항습기 제조설치 납품,제6619부대
33733,00부대 항온항습기 제조설치 납품,제6619부대
33784,가구 제조설치(201910044-F),국군재정관리단
33785,가구 제조설치(201910044-F),국군재정관리단
33793,GOP 병영생활관 신축(86호) 레미콘 납품,제5861부대
33859,19-영내 CCTV 제조설치(201910058-C),국군재정관리단
33913,반가운아파트 2동 둥지아파트 샷시 설치납품,제36보병사단
33918,생활관 관급자재(관물함) 제조납품(2차)(20196234-D),국군재정관리단
33923,간부숙소 전자제품 구매 설치,공군제11전투비행단
34021,진공온수보일러 제조 설치,공군제19전투비행단
34022,진공온수보일러 제조 설치,공군제19전투비행단
34041,기혼숙소 싱크대 교체,제7162부대
34050,이천지역 시설공사 통합배선 제조설치(20196246-B),국군재정관리단
34101,관사 신축 관급자재-타일,제7162부대
34106,19년 문무아파트 가스보일러 교체 설치납품,육군학생군사학교
34148,구리지역 시설공사 통합배선 제조설치(20196245-B),국군재정관리단
34207,수류탄시험장비세트 제조설치(20196094-F),국군재정관리단
34236,(조달)3훈비 토성관사(10~15동) 노후 보일러 교체,제3훈련비행단
34322,00체계 안테나 제조설치(20197143-F),국군재정관리단
34349,칠성그린아파트 수전설비 교체(20196262-D),국군재정관리단
34352,주유소 셀프주유장비 제조설치,국방부근무지원단
34368,(19-037)독신자숙소 냉장고96L 등 13종,공군제3방공유도탄여단
34429,가스보일러 구매(교체)(19-13),공군제10전투비행단
34451,일동승진아파트 2차 싱크대 제조설치 납품,제5군단사령부
34551,페인트 등 20품목 제조 구매,제9196부대
34645,목재류 합판 4종 구매,제2879부대
34762,‘21년 MW통신소 전원공급장치 제조설치(교체),국군지휘통신사령부
34791,수성백색페인트 등 2종 구매,해군군수사령부
35008,00부대 부대비품유지비 공기청정기 필터 2차 제조설치,육군훈련소
35287,목재류 제재목 5종 구매,제2879부대
35446,00부대 부대비품유지비 공기청정기 필터 제조설치,육군훈련소
35712,21-해-연료분사시험기 제조설치,국군재정관리단
35905,보일러 등 2품목 구매,제9해병여단
35998,21-해-스프레이부스 등 6종 제조설치,국군재정관리단
35999,21-해-스프레이부스 등 6종 제조설치,국군재정관리단
36106,강의실 공기청정기 필터 제조설치,육군훈련소
36120,상무대 고군숙소 세라믹타일 제조납품,육군상무대근무지원단
36449,간부숙소 가전제품(냉장고 등 4종)구매,공군제19전투비행단
36526,특기병 교육생 생활관 관물함  책상  의자 교체사업,공군교육사령부
36624,군숙소 공동구역 청소용역,제17보병사단
36736,190공병대대 병영생활관 증축 및 개수(통합배선),제1989부대
36779,20-국-0000원 신축 관급자재(자동제어) 제조설치,국군재정관리단
36851,21-목-무기지원대 종합탄약검사장 자동제어 제조설치,국군재정관리단
36900,0항공대 영상감시장치 제조설치,육군군수사령부
36911,제2충혼당 신축공사 관급자재(특수페인트) 구매,국립서울현충원
36912,제2충혼당 신축공사 관급자재(특수페인트) 구매,국립서울현충원
36921,아름수리아파트 승강기 유지보수 용역,특수전사령부
36924,단조철선 등 30종 구매,제2879부대
36950,간성아파트 2 3차 신축 타일제조(납품),제5861부대
36956,페인트 등 167종 구매,제5738부대
36965,[20-A118] 00부대 진공온수보일러 제조설치,제3007부대
36966,[20-A118] 00부대 진공온수보일러 제조설치,제3007부대
36973,00비 00창 강릉지소 신축 공사(콘크리트파일 제조),공군제18전투비행단
36974,00비 00창 강릉지소 신축 공사(콘크리트파일 제조),공군제18전투비행단
37012,위장색 페인트류 23품목 제조 구매,제9181부대
37030,00사 화생방 생활관 관급자재(자동제어) 제조 설치,제7001부대
37100,00비 00창 강릉지소 신축공사(항온항습기 제조설치),공군제18전투비행단
37107,콘크리트 절단기 2SET 구매,해군군수사령부
37156,00부대 생활관 취사식당 노통연관식보일러 설치납품,제6619부대
37185,유성페인트 등 147종 구매,제1방공유도탄여단
37195,진공온수보일러 등 3종(노후 온수보일러 개선공사),공군제17전투비행단
37204,20-국방홍보원 신축 무대장치 제조설치,국군재정관리단
37255,간부숙소 신축(성거) - 냉난방기 구매설치,공군방공관제사령부
37306,특수초속경시멘트 1종 구매,공군제19전투비행단
37307,국방홍보원 신축사업 관급자재(통합배선)제조설치,국군재정관리단
37308,00부대 정비고 OHC 제조설치(2020),제2879부대
37323,공정사단 B여단 관급자재(통합배선) 제조설치,제7군단
37324,간성아파트 2 3차 신축 타일 제조납품,제5861부대
37375,00부대 동원훈련장 관급자재 방송 및 AV장비 제조설치,공군제19전투비행단
37421,20-해-00박물관 관급자재(공기조화기)제조설치,국군재정관리단
37472,장산마을아파트 싱크대 교체 제조설치,육군제53보병사단
37478,자동세척기 제조설치,제2879부대
37514,보조보일러(대형),방위사업청
37524,00학교 박물관 관급자재(통합배선반) 제조설치,해군사관학교
37544,차기다련장7차사업(고강도콘크리트말뚝),제25보병사단
37573,급식유통센터 관급자재(고강도콘크리트말뚝),수도군단
37728,00부대 화장실 칸막이 제조설치,제1288부대
37747,20-00대대 유류공급설비 개선 전동호스릴 제조설치,국군재정관리단
37748,20-00대대 유류공급설비 개선 전동호스릴 제조설치,국군재정관리단
37749,간부숙소 개선공사 관급자재(조명기구 제조납품),공군제19전투비행단
37756,00부대 개편사업 통합배선 제조설치,제2632부대
37757,00부대 개편사업 통합배선 제조설치(관급),제2632부대
37764,간부숙소 보일러 구매 설치,제9해병여단
37765,간부숙소 보일러 구매 설치,제9해병여단
37796,기름보일러 구매,제9196부대
37821,간부숙소 개선공사 관급자재(합성수지제창 제조납품),공군제19전투비행단
37833,매입관사 싱크대  신발장 교체 제조설치납품,육군 제8군단
37862,사단 민영아파트 싱크대 설치납품(대 20-34차),제1989부대
37883,페인트가스켓리무브등7종 구매,제2879부대
37884,페인트가스켓리무브등7종 구매,제2879부대
37937,OO부대 체육관 객석 제조설치(20-2500-14-9),육군 제1군단
37988,00부대 부대개편 통합배선 제조설치 납품,제17보병사단
38000,20~22 00신축 관급자재(항온항습기) 제조설치,국군재정관리단
38001,20-22 00신축 관급자재(공기조화기) 제조설치,국군재정관리단
38013,00부대 부대개편 통합배선 제조설치 납품,제17보병사단
38016,수용동 및 관리동 신축공사(관급-콘크리트 파일),국방부조사본부
38022,간부숙소 신축 관급자재(무대장치) 제조설치,연평부대
38028,[20-93(1)]주거시설 청성아파트 싱크대 구매(1),제3007부대
38045,(206286-F)흡수식냉온수기 제조설치,국군재정관리단
38064,20-해-160톤 냉수제조기 제조설치,국군재정관리단
38066,0탄약창 제습설비 제조설치,육군군수사령부
38100,무지개아파트 보수공사 씽크대 제조설치납품,육군제53보병사단
38101,장산마을아파트 보수공사 씽크대 제조설치납품,육군제53보병사단
38105,20-무기체계 SW시험장 관급자재 콘크리트파일,국군재정관리단
38144,20-충-국-7 관급자재(무대장치) 제조설치,국군간호사관학교
38201,공기청정기 필터 제조설치,육군훈련소
38208,20-00아파트 씽크대 제조 설치 납품,제7001부대
38209,20-00아파트 씽크대 제조 설치 납품,제7001부대
38210,20-전투교 도장실습장 도장부스 제조설치(208121-H),국군재정관리단
38290,군숙소 실내등 구매,제9965부대
38299,00부대 간부숙소 씽크대 제조설치납품,제5733부대
38303,출입통제체계용 울타리 제조설치(리스물건),육군본부
38315,20-5차 일반비품(독신숙소 세탁기) 구매,국군의무사령부
38317,병영생활관 개수 및 증축 통합배선반 제조설치,제5861부대
38318,수색대대 병영생활관 개수 통합배선반 제조설치,제5861부대
38329,20-000기지 유류공급설비 개선 전동형호스릴 제조설치,국군재정관리단
38333,합동대 입간판 제조설치,자운대근무지원단
38339,간부숙소 개선공사(PD창호 ABS진공성형도어 납품),공군제19전투비행단
38354,철재류 바피드특수강등22종 구매,제2879부대
38361,미끄럼방지페인트 등 12종 구매,제2879부대
38362,단조철선 등 30종 구매,제2879부대
38367,출입통제체계용 UPS 제조설치(리스물건),육군본부
38368,00부대 임시숙영시설 컨테이너 제조설치 납품,제36보병사단
38385,20-00아파트 싱크대 제조설치,제7001부대
38397,빛고을아파트 보수공사 창호 제조설치납품,제17보병사단
38445,철재류 연강선등56종 구매,제2879부대
38474,진격아파트 3동 싱크대 교체,제2307부대
38493,00지역 취사기구 제조설치,제3707부대
38568,간부숙소 개선공사 관급자재(타일 제조 설치),공군제19전투비행단
38579,(206257-G)VoIP 음성동보장치 제조설치(리스물건),국군재정관리단
38581,철재류 특수강등19종 구매,제2879부대
38584,화학저항페인트 1종 구매,제2879부대
38611,00부대 승하강식 TOD 거치대 제조설치,제6755부대
38630,화지대 생활관 신축 관급자재(콘크리트파일)제조 납품,제7001부대
38664,골든빌아파트 등 2개소 싱크대 교체,제2307부대
38682,간부숙소 비품구매/설치(전기레인지 등)(AA-20045),제2136부대
38709,20-해-00000센터 관급자재(통합배선반) 제조설치,국군재정관리단
38712,타일 제조납품(20-107),제2307부대
38713,타일 제조납품(20-107),제2307부대
38714,20-00창 00창고 신축 관급자재(콘크리트 파일) 제조,국군재정관리단
38715,20-00창 00창고 신축 관급자재(콘크리트 파일) 제조,국군재정관리단
38789,20-목- 변전실 개선 계전기 제조설치,국군재정관리단
38813,(206272-E)탄보관소 노후 제습기 교체 제조설치,국군재정관리단
38818,00부대 숙소 자동문 설치(20-164),수도방위사령부
38819,00부대 아파트 자동문 설치(20-165),수도방위사령부
38841,(206229-F)울타리 제조설치,국군재정관리단
38892,간부숙소 보수공사 관급자재(냉방기),공군사관학교
38900,해체이전부대 개선 관급자재(컨테이너) 제조설치(1),제28보병사단
38939,수문 제조설치(00항 육상시설 시설공사 관급자재),제8385부대
38973,해체이전부대 개선 관급자재(컨테이너) 제조설치(2),제28보병사단
38975,20-해-함정 부식이송용 컨베이어벨트 제조설치,국군재정관리단
39033,주거17차-유명한들아파트 54세대 싱크대 설치납품,제1968부대
39042,가족비동반 병사숙소 가구(테이블) 구매설치,국군재정관리단
39043,가족비동반 병사숙소 가구(테이블) 구매설치,국군재정관리단
39077,난방시설 보수 제조설치 납품,제5군단사령부
39089,00지역 표범아파트 싱크대 제조설치,제6군단사령부
39090,00지역 송우리아파트 싱크대 제조설치,제6군단사령부
39111,목재류 제재목 7종 구매,제2879부대
39117,간성아파트 신축 관급자재(콘크리트 파일),제5861부대
39151,00부대 병영생활관 개수 통합배선 제조설치,제9보병사단사령부
39228,20-해군정비창 선체정비고 관급(콘크리트파일),국군재정관리단
39378,00부대 풋살장 인조잔디 제조설치납품,제6685부대
39401,노고산 동원훈련장 생활관 통합배선 제조설치,제3697부대
39417,20-해-00창 관급자재 콘크리트파일 제조(208128-H),국군재정관리단
39441,충성아파트 105동 보일러 납품,제5181부대
39463,어곡 동원훈련장 신축공사 진공온수보일러 제조설치,육군제53보병사단
39464,어곡 동원훈련장 신축공사 진공온수보일러 제조설치,육군제53보병사단
39465,어곡 동원훈련장 신축공사 급탕저장탱크 제조설치,육군제53보병사단
39496,아파트 싱크대 교체 설치납품,제3707부대
39515,20-P-주둔지 경계용 CCTV 제조설치,국군재정관리단
39564,울릉도지역 UPS 및 배터리 제조설치(교체포함),제3707부대
39567,동송 산호아파트 싱크대 제조설치 납품2,제5군단사령부
39570,20년 간부숙소 세탁기/건조기 구매·설치(AA-20019),제2136부대
39593,신발장 제조설치,제2307부대
39600,20-함내외통합통신장비(ICS)제조설치,국군재정관리단
39601,노고산 동원훈련장 생활관 진공온수보일러 제조/설치,제3697부대
39621,00지역 매입아파트 싱크대 제조설치,제6군단사령부
39622,여성필수시설(컨테이너하우스) 제조설치,제1607부대
39631,목재류 합판 3종 구매,제2879부대
39634,진공온수보일러 제조설치(20-122),수도방위사령부
39640,00부대 제습설비 개선공사(제습기 제조설치납품),제5378부대
39691,00지역 야외탄약고(4개소) CCTV 제조설치,제3707부대
39763,IR 카메라 등 26종 제조설치,공군제16전투비행단
39804,MHC 비자성 보조보일러 정비,해군군수사령부
39816,보조보일러(중형 대형),방위사업청
39876,턴스타일 게이트 제조 설치,공군제19전투비행단
39895,포룡아파트 싱크대 설치납품,제11기동사단
39977,[20-A16(8)]00아파트 PD창호 제조납품,제3007부대
39979,[20-A16(9)]00아파트 PW창호 제조설치,제3007부대
39983,52군지단 급식유통센터 신축공사(콘크리트말뚝),제6128부대
39985,117연대 병영생활관 개수 및 증축(통합배선),제6128부대
39996,씽크대 제조설치납품,제9965부대
40100,(216217-F)도금장비 제조설치,국군재정관리단
40101,(216217-F)도금장비 제조설치,국군재정관리단
40149,(21-92) 트래픽페인트 2종 제조/구매,공군제10전투비행단
40169,2021년 상업용오븐 제조설치,제25보병사단
40181,(216312-F)탄약정비공장 정비장비 제조설치,국군재정관리단
40187,(조달) 21-1-63 도로표지용 페인트 4종구매,제3훈련비행단
40192,독신자숙소 신축 관급자재(원격검침),제9965부대
40194,02포병대대 신축공사 관급자재(자동제어) 제조설치,제17보병사단
40219,(217345-E)관급자재(싱크대)제조설치,국군재정관리단
40222,21-공-디젤발전기(400kw) 제조설치,국군재정관리단
40223,21-공-디젤발전기(400kw) 제조설치,국군재정관리단
40225,정림아파트 승강기 개선,제7162부대
40227,고각조절기 제조설치 납품,제5군단사령부
40261,21-공병대대 신축 관급자재 콘크리트파일 제조,국군재정관리단
40281,105밀리 성능개량사업 관급자재(크레인) 제조설치,제17보병사단
40304,21- 신형 저장랙 제조설치,국군재정관리단
40364,00지역 CCTV 제조설치,제6군단사령부
40365,00지역 CCTV 제조설치,제6군단사령부
40376,21-해-00사 관급자재(수관형보일러C형)제조설치,국군재정관리단
40377,21-해-00사 관급자재(수관형보일러C형)제조설치,국군재정관리단
40378,00부대 공기청정기 필터 3차 제조설치,육군훈련소
40395,21-해-관급자재(샌드위치패널) 제조설치,국군재정관리단
40400,컨테이너 제조설치납품(재사용-030),육군 제1군단
40546,21년 오븐기 제조설치,제1989부대
40553,도기질타일(3 797.05㎡),제7001부대
40554,도기질타일(3 797.05㎡),제7001부대
40599,(21-본1) 00병영생활관 신축 관급(콘크리트파일) 제조,제5군단사령부
40644,102-23호 131기보대대 보일러 제조설치,육군 제8군단
40645,102-23호 131기보대대 보일러 제조설치,육군 제8군단
40660,21-경-해-00대대 생활관 관급자재(통합배선) 제조설치,국군재정관리단
40674,21-해-교육관 관급자재(무대장치) 제조설치,국군재정관리단
40697,00부대 고속지령대 제조설치(10),수도군단
40714,21-해-정밀측정시험소 관급자재(크레인) 제조설치,국군재정관리단
40722,21-해-ㅇㅇ시설사업 관급자재(폐쇄형배전반) 제조설치,국군재정관리단
40820,(217342-F)관급자재(타일) 제조,국군재정관리단
40832,21-공-수송기 통합 시운전장비 제조설치,국군재정관리단
40835,00아파트 씽크대 제조 설치,제1989부대
40847,00호텔 객실용 이동식 가구 제조설치,공군항공안전단
40852,지상감시장비(TOD) 거치대 제조설치,제9196부대
40867,독신자숙소 신축 관급자재(빌딩자동제어시스템),제9965부대
40887,주대-21호 군숙소 노후 보일러 교체,육군 제8군단
40908,아파트 7개소 씽크대 제조 설치 및 렌지 설치 납품,제1989부대
40925,(216181-F)관급자재(신발장) 제조설치,국군재정관리단
40930,페인트혼합기 1종 구매,해군군수사령부
41015,(216174-B)00아파트 싱크대 제조설치,국군재정관리단
41032,00부대 생활관 개수 관급자재(PD창호)(505),수도군단
41052,21-해-00창 공장 신축 관급자재(크레인) 제조설치,국군재정관리단
41053,보일러 약품 13종 구매,계룡대근무지원단
41090,21-공-ㅇㅇ기지 자동제어 제조설치,국군재정관리단
41092,(조달) 21-1-63 도로표지용 페인트 4종구매,제3훈련비행단
41093,(조달) 21-1-63 도로표지용 페인트 4종구매,제3훈련비행단
41165,21-해-정밀측정시험소 관급자재(엘리베이터) 제조설치,국군재정관리단
41179,에나멜 국방색 페인트 등 10개 품목 제조,육군 제3808부대
41206,00부대 간부숙소 도배장판 설치납품,제5861부대
41208,매입아파트 싱크대 교체 설치,제36보병사단
41223,02여단 부대개편 관급자재(호이스트) 제조설치,제17보병사단
41234,부영아파트 씽크대 제조설치 및 렌지 설치 납품,제1989부대
41256,병영생활관 시스템 에어컨 교체 설치납품(대보수-121),육군 제1군단
41278,21-해-관급자재(전열교환기) 제조설치,국군재정관리단
41285,간부숙소 비품구매(설치납품),육군 제1군단
41289,율동아파트 싱크대 교체 설치납품,국군의무사령부
41320,손원일관 리모델링 관급자재(자동제어) 제조설치,해군사관학교
41403,21-해-00교육관 신축관급자재(통합배선) 제조설치,국군재정관리단
41430,11사단 관사 신축 관급자재(보일러),제11기동사단
41431,보일러 설치납품(1공구),제9보병사단사령부
41498,(216220-E)도서관 디자인가구 제조설치,국군재정관리단
41544,00부대 병영생활관 진공온수보일러 교체,제2307부대
41584,21-해-00창 공장 신축 관급자재(연관보일러) 제조설치,국군재정관리단
41643,군숙소 비품(에어컨 및 세탁기) 구매,육군 제3808부대
41661,손원일관 리모델링 관급자재(항온항습기) 제조설치,해군사관학교
41662,손원일관 리모델링 관급자재(통합배선) 제조설치,해군사관학교
41699,고속지령대 제조설치,제5군단사령부
41712,비룡아파트 106동 보수공사 관급자재(씽크대),제25보병사단
41713,비룡아파트 106동 보수공사 관급자재(씽크대),제25보병사단
41732,11사단 관사 신축 관급자재(타일),제11기동사단
41756,매입관사 싱크대  신발장  거울장 교체 제조설치 납품,육군 제8군단
41763,21-충-육-29실내체육관 관급자재(무대장치) 제조설치,제32보병사단
41766,소형무장헬기 훈련센터 신축 콘크리트말뚝,육군교육사령부
41812,간부숙소 싱크대 구매(철거 설치)(주-1),특수전사령부
41830,21-해-발전기 300kw 제조설치,국군재정관리단
41839,콘크리트믹서기 1종 구매,해군군수사령부
41877,예비단 연병장 포장공사 관급자재(인조잔디 제조설치),공군교육사령부
41887,(216363-D)보일러 설치납품,국군재정관리단
41903,싱크대 제조설치납품,제9965부대
41942,동원훈련장(컨테이너하우스) 제조설치,제1607부대
41992,00지역 컨테이너(창고형) 제조설치,제6군단사령부
42030,21-페인트 분무기 구매,국군재정관리단
42032,B-1부대 제습기 교체 제조설치,제1891부대
42079,아파트 블라인드 설치납품,육군종합행정학교
42093,00아파트 보일러 설치납품(76대),육군종합행정학교
42097,21-해-00사 관급자재(수관보일러A형) 제조설치,국군재정관리단
42098,21-해-아파트 개선공사 관급자재(PD창호),국군재정관리단
42150,21-국-00센터 가구 제조설치,국군재정관리단
42189,생활관 신축공사 관급자재(컨테이너) 제조,연평부대
42217,21-2차 MW통신소 전원공급장치 제조설치(교체),국군지휘통신사령부
42255,00부대 이전사업 관급자재(토목-골재),제5378부대
42276,(216179-E)자동화창고 CCTV 제조설치,국군재정관리단
42277,11사단 관사 신축 관급자재(타일),제11기동사단
42283,(216293-D) 전자교탁 등 제조설치(리스물건),국군재정관리단
42289,21-해-00사 관급자재(사인물)제조설치,국군재정관리단
42320,(자재) 단조철선 등 24종 구매,제2879부대
42336,21-해-00시설사업 관급자재(엘리베이터) 제조설치,국군재정관리단
42366,21-공-00감시대 관급자재(자동제어) 제조설치,국군재정관리단
42391,화성00부대 부대개편 특수페인트 제조납품,제5067부대
42392,화성00부대 부대개편 특수페인트 제조납품,제5067부대
42441,사단 사령부 본청 신축 통합배선반 제조설치,제5861부대
42476,GOP통합급수시설 자동제어 제조설치,제5861부대
42501,폐수처리장 활성탄여과기 제조설치,제2879부대
42513,5.56밀리 FX 적색 페인트탄 1항목 구매(탄약),육군군수사령부
42514,5.56밀리 FX 적색 페인트탄 1항목 구매(탄약),육군군수사령부
42539,충정아파트 등 4개소 보일러 설치납품,제11기동사단
42574,00지역 통합배선 제조설치(관급),국방부근무지원단
42635,포병여단 천장크레인 제조설치(20-182),제2307부대
42646,21-00아파트 및 00숙소 보일러 설치납품,제7001부대
42650,공병여단 천장크레인 제조설치(20-198),제2307부대
42655,간부숙소 신축 관급(싱크대) 제조설치(도서지역),제9196부대
42675,21-경-해-0000대 생활관 관급자재(자동제어) 제조설치,국군재정관리단
42722,21-해-00시설사업 관급자재(항온항습기) 제조설치,국군재정관리단
42757,21-특수페인트 제조설치,국군재정관리단
42758,21-특수페인트 제조설치,국군재정관리단
42781,00부대(육상/도서) CCTV 제조설치,해군군수사령부
42788,00부대 간부숙소 씽크대 제조설치납품,제5733부대
42841,[21-23]21년 간부숙소 씽크대 제조설치 계약,제3007부대
42844,(216058-H)'21년 LAN용 UPS 제조설치(리스물건),국군재정관리단
42854,(216378-E)관급자재(탐조등)제조설치,국군재정관리단
42863,(216232-E)VoIP교환기용 음성동보 제조설치(리스물건),국군재정관리단
42873,사향산통신소 모노레일 교체 제조설치납품,제5군단사령부
42905,페인트분무기 구매,해군군수사령부
42913,00여단 1대대 병영생활관 신축공사(통합배선),제6128부대
42920,21-소-4 생활관 저녹스 보일러 구매,제3훈련비행단
42921,21-소-4 생활관 저녹스 보일러 구매,제3훈련비행단
42933,21-공-디젤발전기(100kw) 제조설치,국군재정관리단
42948,21-해-00시설사업 관급자재(전동기제어반) 제조설치,국군재정관리단
42949,21-해-생존훈련장 관급자재(자동제어) 제조설치,국군재정관리단
43000,페인트호스 등 10종 구매,해군군수사령부
43001,페인트호스 등 10종 구매,해군군수사령부
43019,00부대 이전사업 관급자재(토목-혼합 순환골재),제5378부대
43028,21-해-00훈련장 관급자재(콘크리트 말뚝) 제조,국군재정관리단
43037,21-공-00부대 관급자재(자동제어) 제조설치,국군재정관리단
43060,21-해-재경지역 간부숙소 관급자재(통합배선),국군재정관리단
43096,노후관사 리모델링 관급자재(도장) 제조설치,제2621부대
43102,21-59-4 00대대 리모델링 및 신축 통합배선 제조설치,공군제17전투비행단
43156,방공고속지령대 노후장비 제조설치,육군 제1군단
43171,(217399-F)관급자재(통합배선) 제조설치,국군재정관리단
43188,21-해-생존훈련장 관급자재(통합배선) 제조설치,국군재정관리단
43191,21-공-디젤발전기(60kw) 제조설치,국군재정관리단
43259,51군지단 특수창고 신축(샌드위치 패널 제조설치),제1989부대
43265,(217341-E)관급자재(가구)제조설치,국군재정관리단
43269,3사단 관사 관급자재(도급  타일),제1968부대
43278,21-해-잠수훈련장 관급자재(소독설비) 제조설치,국군재정관리단
43285,칠성그린아파트 싱크대 설치납품,제2879부대
43286,칠성그린아파트 싱크대 설치납품,제2879부대
43316,21년 진공온수보일러 등 제조설치,제25보병사단
43331,OO부대 엘리베이터 제조설치(21-특별-3-15),육군 제1군단
43347,21-해-재경지역 간부숙소 신축 관급자재(자동제어),국군재정관리단
43394,21-해-00훈련장 관급자재(진공온수보일러)제조설치,국군재정관리단
43407,(21-238)옥외경계등 폴대 제조설치납품,제5군단사령부
43433,주대24호 군숙소 노후 싱크대 및 신발장 교체,육군 제8군단
43467,21-공-00부대 관급자재(크레인) 제조설치,국군재정관리단
43488,신축숙소 가구류 제조 / 납품,한미연합군사령부
43489,양양 동원훈련장 생활관 신축 전광판 설치,육군 제8군단
43524,21-해-교육관 관급자재(제로에너지) 제조설치,국군재정관리단
43525,신축숙소 비품(일체형 건조/세탁기 등 2종) 구매,한미연합군사령부
43528,00부대 경계초소용 CCTV 제조설치,제3707부대
43561,MHC 비자성 보조보일러 정비,해군군수사령부
43567,00소 수중훈련장 CCTV 제조설치,해군군수사령부
43571,철선 등 243종 구매,해군군수사령부
43585,(216295-F)중형드론 제조설치,국군재정관리단
43586,(216390-D)컨테이너 화장실 제조설치,국군재정관리단
43610,이동형 페인트분무기 1대 구매,해군군수사령부
43631,21-해-관급자재(출입통제시스템) 제조설치,국군재정관리단
43643,보급대 통합창고 보관용선반 제조설치,제6128부대
43674,간부숙소 3동 6동 초도비품(냉난방기) 구매설치,육군훈련소
43825,제거제  페인트용 1종 구매,공군군수사령부
43826,제거제  페인트용 1종 구매,공군군수사령부
43870,(자재) 단조철선 등 33종 구매,제2879부대
44069,콘크리트 믹서기 구매,해군군수사령부
44079,22-3차 간부숙소 벽걸이형 냉방기 설치납품,제2307부대
44197,22-해-00시설사업 관급자재(통합배선반)제조설치,국군재정관리단
44228,페인트류 구매,제9181부대
44344,이전사업 관급자재(토목-혼합골재),제5378부대
44450,22-해-전관방송시설 제조설치,국군재정관리단
44478,21-충-육-27 원격검침 설비 제조설치(자동제어),육군군수사령부
44577,22-공-대형콘크리트 절단기 구매,국군재정관리단
44620,00학교 생활관 콘크리트 파일 제조,자운대근무지원단
44724,(21-특1) 00부대 관급(콘크리트파일) 제조납품,제5군단사령부
44762,(227148-C) 상징 조형물 제조설치,국군재정관리단
44779,(긴급) 보일러 급수펌프 1종 구매,해군군수사령부
44925,율동아파트 싱크대 교체 설치납품,국군의무사령부
44952,22-공-공항정보 자동 방송장치 제조설치,국군재정관리단
44953,22-공-공항정보 자동 방송장치 제조설치,국군재정관리단
44957,22-해-주파수변환기(60Hz) 6EA 제조설치,국군재정관리단
45005,22-공-이동식 콘크리트 믹서장비 구매,국군재정관리단
45018,(226159-F)관급자재(화물용 엘리베이터) 제조설치,국군재정관리단
45117,(226017-G) 22년 LAN용 UPS 제조설치사업(리스물건),국군재정관리단
45138,(대보수 주거시설 3) 신원아파트 보수공사,제1968부대
45147,(226342-F)작전대기시설(서부) 컨테이너 제조설치,국군재정관리단
45172,페인트 제조 구매(도서지역),제9196부대
45209,(226246-F)자동세척기 제조설치,국군재정관리단
45246,콘크리트 절단기 2set 구매,해군군수사령부
45516,4차 간부숙소 초도비품 벽걸이형 에어컨 설치납품,제2307부대
45543,수성백색페인트 등 2종 구매,해군군수사령부
45772,이전사업 관급자재(토목-순환골재),제5378부대
45814,철선  비 전기용 등 9종,해군군수사령부
45876,22-해-00창 관급자재 자동제어 제조설치,국군재정관리단
46021,LED 전광판 제조설치,제9181부대
46028,(226309-B) 학교교실 장비도입(PC등 제조설치),국군재정관리단
46191,(226330-E) PC기반 수신체계 안테나 제조설치,국군재정관리단
46197,22-해-온수가열기(1EA) 제조설치,국군재정관리단
46332,보일러 등 581품목 구매,연평부대
46430,22-공-연료탱크 등 2종 제조설치,국군재정관리단
46491,22-2차 간부숙소 벽걸이형 냉난방기 설치납품,제2307부대
46584,22-해-ㅇㅇ창 기관공장 신축(크레인) 제조설치,국군재정관리단
46597,간부숙소 신축 관급자재(통합배선)(22-신-6-15),특수전사령부
46645,보조보일러(대형),방위사업청
46666,22-국-00사 가구 제조설치,국군재정관리단
46698,22년 출입통제체계 제조설치,4284부대
46759,(주거시설 3) 신원아파트 보수공사(씽크대),제1968부대
46909,철재 마봉강 등 86종 구매,제2879부대
47106,탄약 정비자재(에나멜 국방색 페인트 등 10개) 제조,육군 제3808부대
47137,22-해-현장감식용 드론 제조설치,국군재정관리단
47163,22-1차 병영식당 조리기구(배식대) 제조설치,제2217부대
47214,22-1차 간부숙소 벽걸이형 냉난방기 설치납품,제2307부대
47220,22-해-포구세척기 2종 제조설치,국군재정관리단
47244,22-해-소형화물승강기 4EA 제조설치,국군재정관리단
47257,(21-본1) 관급자재(자동제어) 제조설치,제5군단사령부
47305,22-해병-생활관 관급자재(자동제어) 제조설치,국군재정관리단
47307,22-해-전관방송시스템 제조설치,국군재정관리단
47397,해군잠수훈련장 리모델링 관급자재(관류형증기보일러),국군재정관리단
47476,(226015-G) 22년 VoIP교환기용 음성동보장치제조설치,국군재정관리단
47513,간부숙소 노후비품(에어컨) 설치납품,육군 제1군단
47532,(226158-E) 관급자재(호이스트크레인) 제조설치,국군재정관리단
47533,에나멜 국방색 페인트 등 5개 품목 제조,육군 제3808부대
47535,00부대 부대비품유지비 공기청정기 필터 제조설치-3차,육군훈련소
47662,(227175-F)감시장비(CCTV) 제조설치,국군재정관리단
47687,(226141-F)싱크대 제조설치 납품,국군재정관리단
47787,간부숙소 노후비품 구매,육군 제1군단
47973,22-6차 간부숙소 벽걸이형 에어컨 설치납품,제2307부대
48006,22-해병대 청룡부대 참전기념비 건립(제조설치),국군재정관리단
48220,(자재) 화학저항페인트 구매,제2879부대
48221,(자재) 화학저항페인트 구매,제2879부대
48248,22-국-ㅇㅇ단 가구 제조설치,국군재정관리단
48294,22-해-교류 전원변환기(60Hz)  제조설치,국군재정관리단
48346,22-1차 공군 신형 저장랙 제조설치(229107-F),국군재정관리단
48468,이전사업 관급자재(기계-보일러),제5378부대
48501,페인트분무기 구매,해군군수사령부
48545,00지역 드론교육센터 컨테이너(제조설치납품),육군사관학교
48573,(226319-F)체력단련기구 제조설치,국군재정관리단
48574,(226319-F)체력단련기구 제조설치,국군재정관리단
48601,(226311-E) 학교교실 장비도입(스크린 제조설치)사업,국군재정관리단
48604,(226346-F)작전대기시설(동부) 컨테이너 제조설치,국군재정관리단
48627,222/631포병 부대개편 진공온수보일러 제조설치,제8기동사단
48640,22-국-00학교 생활관 원격검침설비 제조설치,국군재정관리단
48655,222/631포병 부대개편 급탕탱크 제조설치,제8기동사단
48662,22-공-형광투시검사 유니트 제조설치,국군재정관리단
48781,간부숙소 신축 관급자재(자동제어)(22-신-6-14),특수전사령부
48791,22-해-디젤발전기 50KW 제조설치(228063-D),국군재정관리단
48796,5.56mm소총 컨버젼키트 및 페인트탄 구매(물-44),특수전사령부
48797,5.56mm소총 컨버젼키트 및 페인트탄 구매(물-44),특수전사령부
48837,(21-본2) 00훈련장 탁류저감시설 배수문 제조설치납품,제5군단사령부
48841,차기다련장 8차 시설공사 통합배선 제조설치,제9보병사단사령부
48889,22-해-0함대 대차횡이동보기  대차보강공 제조설치,국군재정관리단
48910,00부대 간부숙소 보수공사(냉난방기 설치납품),육군 52보병사단
48911,00부대 무궁화아파트 창호 설치납품,육군 52보병사단
48992,사령부 데시앙 아파트 보일러 교체공사(설치납품),제6128부대
48994,22-해-스프레이부스 등 2종 제조설치,국군재정관리단
48997,(226405-F)간부숙소비품(에어컨) 구매설치,국군재정관리단
49000,22-공-신축(화악)공사 관급자재(원격검침) 제조설치,국군재정관리단
49014,주거시설 보수 씽크대 제조설치납품(2권역),육군 제8군단
49024,생활관 개선 공사 관급자재(온수보일러) 제조 구매,공군교육사령부
49051,22-해-정비창 크레인 제조설치,국군재정관리단
49062,00부대 창박숙소 보수공사 설치납품(창호),육군 52보병사단
49066,22-해병-주둔지 경계용 CCTV 제조설치,국군재정관리단
49088,22-해병-김포 간부숙소(콘크리트말뚝),제9181부대
49133,22-해병-탄약고 CCTV 제조설치,국군재정관리단
49134,공정사단 본부 및 A여단 개편사업(타일),제6619부대
49137,22-충-육-17C 제습기 제조설치,육군군수사령부
49180,OOO 출입통제체계 교체사업 제조설치(리스물건),국군제1068부대
49231,222/631포병 부대개편 오버헤드크레인 제조설치,제8기동사단
49236,수리온 창정비요소개발 알루미늄시트패널 제조설치,제2879부대
49284,(227465-E) 관급자재(보일러) 제조납품,국군재정관리단
49289,22-해-고속상륙정 크레인 제조설치,국군재정관리단
49311,간부숙소 신축(고강도 콘크리트 말뚝 제조납품),제2062부대
49328,(226384-C)탄약실습장 정비용장비 제조설치,국군재정관리단
49366,00아파트 승강기 로프 설치 납품,육군종합행정학교
49397,[22-12(14)] 체육관 신축(자동제어장치) 제조설치,제3007부대
49437,신임장교 가구(관물함) 제조설치납품,육군상무대근무지원단
49452,방포교 생활관 신축공사 관급자재 원격검침 제조설치,제1방공유도탄여단
49503,영내숙소 비품(옷장) 제조 납품,육군종합행정학교
49514,(227358-B) 주거시설 싱크대 제조설치,국군재정관리단
49522,22-공-관급자재(원격검침) 제조설치,국군재정관리단
49539,(226431-D) 작전대기시설 컨테이너 제조설치(2공구),국군재정관리단
49576,22-해-함정용 부식이송 컨베이어벨트 제조설치,국군재정관리단
49577,22-해-함정용 부식이송 컨베이어벨트 제조설치,국군재정관리단
49580,간부숙소 초도비품 구매(전자제품),육군 제1군단
49586,(226434-D) 작전대기시설 컨테이너 제조설치(5공구),국군재정관리단
49587,(226430-D) 작전대기시설 컨테이너 제조설치(1공구),국군재정관리단
49607,(226436-F)작전대기시설 컨테이너(7공구) 제조설치,국군재정관리단
49620,(226435-F)작전대기시설 컨테이너(6공구) 제조설치,국군재정관리단
49630,12사단 간부숙소150실 신축 관급자재 - 콘크리트 말뚝,제1862부대
49641,22-해-해상구조훈련장 콘크리트파일 제조,국군재정관리단
49643,22-해병-노후생활관 관급자재(자동제어) 제조설치,국군재정관리단
49646,(226444-F)K9 보디금형 제조설치,국군재정관리단
49649,(226443-E) K9 패드 금형 제조설치,국군재정관리단
49678,간부숙소 신축 관급 제조설치(씽크대),제32보병사단
49775,00부대 신축공사 관급자재(통합배선) 제조설치,제36보병사단
49812,22-해-잠수훈련장리모델링 관급(여과설비)제조설치(2),국군재정관리단
49865,222/631포병 부대개편 관급 원격검침설비 제조설치,제8기동사단
49881,00전대 공병대대본부신축 통합배선 관급자재 제조설치,공군제19전투비행단
49888,00부대 개편사업 호이스트크레인 제조설치(1지역),제2621부대
49889,00부대 개편사업 호이스트크레인 제조설치(2지역),제2621부대
49890,00부대 개편사업 호이스트크레인 제조설치(3지역),제2621부대
49891,00부대 개편사업 호이스트크레인 제조설치(4지역),제2621부대
49900,공정사단 본부 및 A여단 개편사업(타일),제6619부대
49923,앵글  건축용 등 8종 구매(193),해군제1정비대대
49933,페인트분무기(육상시설용) 1EA 구매,해군군수사령부
49940,00부대 병영생활관 보수개선공사(통합배선),제36보병사단
49980,DMZ 중거리카메라 제조설치,제28보병사단
50006,22-해-천정크레인 제조설치,국군재정관리단
50018,22-공-창정비시설 관급자재 통합배선 제조설치,국군재정관리단
50019,22-해-기동반 제조설치,국군재정관리단
50020,22-해-기동반 제조설치,국군재정관리단
50034,22년 후반기 간부숙소 비품 구매계약,제2621부대
50097,간부숙소 신축 관급자재 구매(가구),제32보병사단
50106,콘크리트 믹서기 1대 구매,해군군수사령부
50107,콘크리트 믹서기 1대 구매,해군군수사령부
50117,22-해-건선거 GATE 제조설치(228269-E),국군재정관리단
50156,콘솔데스크 등 23품목 제조설치,연평부대
50158,병영생활관 도서구매,국군화생방방호사령부
50177,22-간부숙소 특수페인트 제조설치,제7001부대
50210,22년 53군지단 조리병교육대 조리대 제조설치 납품,제6335부대
50212,22-국-우주기상 통합배선 제조설치,국군재정관리단
50213,00부대 간부숙소 신축 관급자재(자동제어) 제조설치,제2307부대
50236,22-해병-00생활관 자동제어 제조,국군재정관리단
50271,차륜형대공포 관급자재(호이스트크레인) 제조설치,제1862부대
50279,22-해-00아파트 싱크대 제조설치,국군재정관리단
50283,(21-특1) 관급자재(냉동기) 제조설치,제5군단사령부
50285,BTL 간부숙소 침대 및 매트리스 제조/설치,제25보병사단
50314,5비 누유감지 시스템 제조설치,공군제5공중기동비행단
50325,[22-11(13)] 실전훈련장 구축(통합배선) 제조설치,제3007부대
50331,22-공-작전지원실 관급자재(통합배선) 제조설치,국군재정관리단
50339,연병장 개선공사 태양광 가로등 제조설치,육군 52보병사단
50372,(226437-F)작전대기시설 컨테이너(8공구) 제조설치,국군재정관리단
50415,22-국-500KW 발전기 제조설치,국군재정관리단
50447,23사단 57여단 병영생활관 개수 관급자재(자동제어),육군 제8군단
50499,22-공-방포교 생활관 냉난방기 구매설치,국군재정관리단
50518,22-해병-강화 간부숙소(자동제어),제9181부대
50519,(21-특2)관급자재(자동제어) 제조설치,제5군단사령부
50520,22-국-우주기상 자동제어 제조설치,국군재정관리단
50554,00부대 행정동 신축공사 관급자재(통합배선) 제조설치,제36보병사단
50555,22-철매Ⅱ 성능개량(나0정비대) 관급(크레인)제조설치,국군재정관리단
50557,22-공-나0정비대 관급자재 통합배선 제조설치,제1방공유도탄여단
50570,(226438-F)작전대기시설 컨테이너(9공구) 제조설치,국군재정관리단
50611,22-해-고속상륙정 통합배선반 제조설치,국군재정관리단
50662,22-충-육-17C 제습기 제조설치,육군군수사령부
50675,에나멜 국방색 페인트 등 3개 품목 제조,육군 제3808부대
50682,22-남-전차축소사격장 관급(사격장비 표적)제조설치,국군재정관리단
50757,콘크리트 절단기 2SET 구매,해군군수사령부
50758,콘크리트 절단기 2SET 구매,해군군수사령부
50773,탄약 정비 일반자재(국방색 페인트 등 5개 품목) 제조,육군 제3808부대
50826,수리온 창정비요소개발 통합배선 제조설치,제2879부대
50852,(정비용철재)마봉강 등 44종 구매,제2879부대
50877,간부숙소 147실 관급자재(타일),육군 제8군단
50928,22-해-생활관 자동제어 제조,국군재정관리단
50930,00부대 정비고 호이스트크레인 제조설치,육군 제1군단
50936,22-9차 더 좋은 병영식당 조리기구(배식대) 제조설치,제2217부대
51006,MSH 비자성 보조보일러 외주정비,해군군수사령부
51044,간부숙소 신축 관급자재 구매(타일),제32보병사단
51047,00부대 개편사업 콘크리트파일,육군 제1군단
51051,22-해-고속상륙정 자동제어 제조설치,국군재정관리단
51096,영내숙소 비품(옷장) 제조 납품,육군종합행정학교
51141,222/631포병 부대개편 리프트 4주식 제조설치,제8기동사단
51165,누유감지시스템 제조설치,공군제5공중기동비행단
51171,(정비용철재)환봉 등 13종 구매,제2879부대
51177,(육-재-007) 00소초 계류장(부잔교) 제조설치,제9보병사단사령부
51188,00부대 간부숙소 보수공사 설치납품(창호),육군 52보병사단
51229,22-부두 CCTV 제조설치,제7001부대
51235,22-해-0함대 자동제어 제조설치,국군재정관리단
51253,MSH 비자성 보일러 외주정비,해군군수사령부
51254,(226433-D) 작전대기시설 컨테이너 제조설치(4공구),국군재정관리단
51259,경계작전 통합생활관신축(관급자재_원격검침)제조설치,공군제16전투비행단
51260,경계작전 통합생활관 신축 공사(관급자재_내진철근),공군제16전투비행단
51321,222/631포병 부대개편 관급 자동제어 제조설치,제8기동사단
51435,00부대 자동제어 제조설치,제5067부대
51436,DMZ 중거리카메라 제조설치,제28보병사단
51463,(226432-D) 작전대기시설 컨테이너 제조설치(3공구),국군재정관리단
51464,00부대 간부숙소 신축공사(통합배선),육군 제8군단
51465,00부대 간부숙소 신축(고강도콘크리트 말뚝),육군 제8군단
51474,22-해병-김포 간부숙소(콘크리트 말뚝),제9181부대
51475,22-해병-김포 간부숙소(콘크리트 말뚝),제9181부대
51530,22-해병-김포 간부숙소(자동제어),제9181부대
51534,항공용 친환경 페인트 제거제 2종,공군군수사령부
51535,항공용 친환경 페인트 제거제 2종,공군군수사령부
51554,페인트분무기6EA 구매,해군군수사령부
51574,(도장자재)미끄럼방지페인트 등 21종 구매,제2879부대
51577,23년 군숙소(00아파트) 액화석유가스(LPG) 신규계약,제2136부대
51578,23-N-고로슬래그 시멘트 구매,국군재정관리단
51620,00부대 한국형헬기 후속양산 콘크리트파일,육군 제1군단
51694,(227386-E) 감시장비(CCTV 등) 제조설치,국군재정관리단
51828,(237059-F)MW통신소 전원공급장치 제조설치,국군재정관리단
52018,23-N-전술훈련장 증축 관급자재(통합배선) 제조설치,국군재정관리단
52102,페인팅(총포장비 착색 자동화 시스템) 제조설치,제2879부대
52107,(237259-F)통신장비 제조설치,국군재정관리단
52164,임시숙영시설(컨테이너) 등 3종 제조설치납품,제9보병사단사령부
52166,(236246-D)PC기반 수신체계 안테나 제조설치,국군재정관리단
52176,육훈소 노후보일러 교체 진공온수보일러 제조구매,육군훈련소
52189,창녕그린시티 싱크대 제조설치,제1891부대
52199,상수도관 교체공사 관급자재(강관) 구매,국립서울현충원
52200,상수도관 교체공사 관급자재(강관) 구매,국립서울현충원
52234,(237060-B) 00대 신축 관급자재(콘크리트 말뚝) 구매,국군재정관리단
52253,포미재아파트 씽크대 제조설치 납품,제5군단사령부
52293,23-D-진공온수보일러 구매(2310071-F),국군재정관리단
52412,간부숙소 비품(세탁기  건조기)구매 설치 납품,육군 52보병사단
52413,(2차) 신 합동대 신축 관급자재(내진철근),합동군사대학교
52499,상무대 여성필수시설(컨테이너) 제조설치 납품,육군상무대근무지원단
52523,(236240-C) ESA아파트 싱크대 교체 설치 납품,국군재정관리단
52742,제거제 페인트용 구매,공군군수사령부
52844,(236162-D)전곡석미아파트 싱크대 제조 설치,국군재정관리단
53200,저소음용 백연방지 직교류형 냉각탑 제조설치 납품,계룡대근무지원단
53237,23-M-페인트류 구매,국군재정관리단
53338,군 숙소(00아파트) 액화석유가스(LPG) 구매,육군부사관학교
53368,23-F-이동식 콘크리트 믹서장비 구매(239057-H),국군재정관리단
53455,간부숙소비품(에어컨) 구매설치,육군 제1군단
53466,20비 23-59 15kw발전기 등 1종 제조설치,제20전투비행단
53477,(236284-F)고주파유도용해로 제조설치,국군재정관리단
53478,(236284-F)고주파유도용해로 제조설치,국군재정관리단
53497,23-M-관급자재 타일 제조(238169-F)  ,국군재정관리단
53529,23-N-천장크레인 제조설치,국군재정관리단
53635,(236341-F)생도식당 식탁  의자 제조설치,국군재정관리단
53685,(236084-B)간부숙소 관급자재(원격검침) 제조설치,국군재정관리단
53744,수성백색페인트 등 2종 구매,해군군수사령부
53754,금화정 간부숙소 신축 콘크리트말뚝 제조,제5861부대
53755,금화정 간부숙소 신축 콘크리트말뚝 제조,제5861부대
53779,페인트흡수용휠타 등 9종 구매,육군 제3808부대
53825,신임장교 가구(관물함) 제조설치납품(2차),육군상무대근무지원단
53854,20비 23-108 정비업무용 부스 제조설치,제20전투비행단
53906,화학저항페인트 폴리우레탄 코팅제 등 6종 제조,제2879부대
53913,(236303-F)전자칠판 등 제조설치,국군재정관리단
54008,23-N-전관방송시스템 제조설치(238004-D),국군재정관리단
54024,간부숙소 신축 관급자재(창호) 제조설치(700),수도군단
54041,(긴급)철선 비 전기용 등 5종,해군군수사령부
54212,보병 및 포병 컨테이너형 화장실 제조설치납품,육군상무대근무지원단
54308,00부대 간부숙소 신축 관급자재 (HEAD END) 제조 설치,제36보병사단
54367,23-육-개편부대 크레인 제조설치(1지역),제1보병사단
54376,00부대 컨테이너 제조설치납품(A014),육군 제1군단
54415,00부대 병영생활관 자동제어 제조설치(22-1600-4),제5708부대
54420,에나멜 국방색 페인트 등 2종 제조,육군 제3808부대
54424,보병교 동춘관 무대장치 제조설치납품,육군상무대근무지원단
54428,23년 00아파트 CCTV 설치납품,육군학생군사학교
54462,21-해-0함대 작전지원시설 조명제어 제조설치,제8385부대
54531,00부대 실내체육관 자동제어 제조설치,제2136부대
54571,23-육-개편부대 크레인 제조설치(2지역),제1보병사단
54572,23-육-개편부대 크레인 제조설치(3지역),제1보병사단
54573,23-육-개편부대 크레인 제조설치(4지역),제1보병사단
54661,(236094-B) 00부대 개편 관급자재(크레인) 제조설치,국군재정관리단
54675,상무대 컨테이너 창고 제조설치납품,육군상무대근무지원단
54698,근무지원단 간부숙소 신축(제로에너지설비),제6619부대
54794,(236160-F)LAN용 UPS 제조설치(리스물건),국군재정관리단
54810,간부숙소비품(세탁기 냉장고) 구매,육군 제1군단
54936,(236029-G) 23년 VoIP용 음성동보 제조설치(리스물건),국군재정관리단
54968,00부대 병영생활관 자동제어 제조설치(22-1459-6),제5708부대
54981,00부대 테니스장 개선공사 울타리  출입문 제조설치,육군 52보병사단
55065,에나멜 모래색 페인트 등 7개 품목 제조,육군 제3808부대
55076,23-N-00창 크레인 제조설치(238147-D),국군재정관리단
55150,00부대 병영생활관 보일러 제조 납품,육군 52보병사단
55256,00부대 간부숙소 신축 관급자재(자동제어),제11기동사단
55276,기름보일러 등 225품목 구매,연평부대
55315,23-N-00학교 실습장 자동제어 제조설치,국군재정관리단
55330,오호리 간부숙소 신축 콘크리트말뚝 제조,제5861부대
55331,오호리 간부숙소 신축 콘크리트말뚝 제조,제5861부대
55569,화학저항페인트 폴리우레탄 녹색 등 2종 제조,제2879부대
55570,화학저항페인트 폴리우레탄 황토색 등 2종 제조,제2879부대
55578,23-D-진공온수보일러 구매(2310071-F),국군재정관리단
55633,통일아파트 용도변경 리모델링 시설공사(신발장),제36보병사단
55673,콘크리트 절단기?믹서기 구매,해군군수사령부
55681,(도장자재) 단조철선 등 16종 구매,제2879부대
55740,(236399-F) 크레인 제조설치,국군재정관리단
55760,23-N-평 유해환경개선 집진기 제조설치(238129-F) ,국군재정관리단
55769,페인트 개스킷 제거제 등 548종 구매,해군제2수리창
55774,신병4대대 생활관 관급자재(원격검침) 제조 설치,공군교육사령부
55844,23-N-고속상륙정 항온항습기 제조설치,국군재정관리단
55860,00부대 OHC 제조설치(2023),제2879부대
55874,(236435-F) 기동형 방송시스템 제조설치,국군재정관리단
55914,보병교 컨테이너형 화장실 제조설치납품(2차),육군상무대근무지원단
55924,23-M-00생활관 급탕탱크 제조,국군재정관리단
55942,군수2학교 생활관 관급자재(통합배선) 제조 설치,공군교육사령부
55991,아름드리아파트 독신숙소 도배 및 장판 교체 설치납품,제2군단
56004,23-N-부교대대 여군생활관 증축 콘크리트파일 제조,국군재정관리단
56010,기계교 컨테이너형 화장실 제조설치납품,육군상무대근무지원단
56040,23-D-정비용장비(터널세차기) 제조설치,국군재정관리단
56130,23-공조기필터 제조설치납품,계룡대근무지원단
56147,23-F-생활관 재건축 관급자재 판석 제조,국군재정관리단
56185,승객용 엘리베이터 제조설치납품,제9965부대
56232,작전대기시설 빌트인 가구 제조설치납품,제1862부대
56260,23-D-정비용장비(터널세차기) 제조설치,국군재정관리단
56263,23-F-신병생활관 재건축 관급자재(타일) 제조,국군재정관리단
56283,23-F-00생활관 관급자재(신발장) 제조,국군재정관리단
56316,정통학교 특기병 신축 관급자재(타일) 제조 구매 ,공군교육사령부
56397,23-N-노후아파트 개선사업 관급자재 도자기타일 제조,국군재정관리단
56410,23년 간부숙소 노후비품비 구매(냉장고),수도기계화보병사단
56422,(236498-C) 23년 영상분석서버 및 PC 제조설치,국군재정관리단
56425,(236481-F) 리모델링 공사 타일 제조,국군재정관리단
56433,23-F-신병대대 관급자재(진공온수보일러) 제조,국군재정관리단
56436,23-F-00생활관 관급자재(진공온수보일러) 제조,국군재정관리단
56449,23-M-병영생활관 관급자재(진공온수보일러) 제조,국군재정관리단
56468,신풍리 간부숙소 신축 원격검침 제조설치,제2621부대
56469,신병교육대 B동 병영생활관 관급자재(통합배선),제32보병사단
56477,사령부 간부숙소 신축 관급자재(제로에너지),국군지휘통신사령부
56478,사령부 간부숙소 신축 관급자재(자동제어),국군지휘통신사령부
56495,23-M-염하중본 생활관 신축(자동제어),제9181부대
56516,23-00동 간부숙소 특수페인트 제조 설치,제7001부대
56537,간부숙소 신축 가구(빌트인) 제조설치(700),수도군단
56546,23-F-신병대대 관급자재(진공온수보일러) 제조,국군재정관리단
56554,00여단 간부숙소 신축 빌트인 가구 제조설치납품,제3697부대
56559,23-F-군수2학교 자동제어 제조설치(239160-F),국군재정관리단
56567,23-F-00본부 자동제어 제조설치,국군재정관리단
56568,23-M-00생활관 급탕탱크 제조,국군재정관리단
56571,신병1 2대대 개선 관급자재(타일 등 2품목)제조 구매,공군교육사령부
56572,군수2학교 생활관 관급자재(타일 등 )제조구매,공군교육사령부
56577,신임장교 생활관 소형 냉장고 구매,육군보병학교
56581,00부대유해작업장환경개선관급자재(자동제어)제조설치,제2군단
56591,23-M-염하중본 생활관 신축(통합배선),제9181부대
56592,23-M-후평리소초 생활관 신축(통합배선),제9181부대
56594,23-M-병영생활관 관급자재(진공온수보일러) 제조,국군재정관리단
56599,23-M-병영생활관 관급자재(타일) 제조,국군재정관리단
56605,00부대 갠트리크레인 제조설치(2024),제2879부대
56630,항과고 생활관 증축 관급자재(자동제어) 제조 설치,국군재정관리단
56638,00부대 천장크레인 제조설치(2024),제2879부대
56651,23-M-0사단 생활관 신축공사 원격검침 제조설치,국군재정관리단
56655,임시숙영시설(컨테이너) 제조설치납품,제1989부대
56668,신병1 2대대 개선 관급자재(타일 등 2품목)제조 구매,공군교육사령부
56672,통합병영식당 신축 자동제어장치 제조설치,제2879부대
56681,계룡대 아파트(합성수지도어 및 문틀) 제조 납품,계룡대근무지원단
56693,정통학교 신축 관급자재(진공온수보일러) 제조 구매,공군교육사령부
56699,계룡대 아파트 개선공사 (가구) 제조 납품,계룡대근무지원단
56755,교육생 숙소 신축 관급(자동제어),육군부사관학교
56857,간부숙소 신축 관급자재(자동제어) 제조설치(196),제5067부대
56858,간부숙소 신축 관급자재(자동제어) 제조설치(207),제5067부대
56897,24-M-페인트 18종 제조(248002-F),국군재정관리단
56899,00부대 갠트리크레인 제조설치(2024),제2879부대
56918,PVC 바닥타일 등 2종 납품 설치,계룡대근무지원단
57013,(자재) 정비용철재 환봉 등 13종 구매,제2879부대
57155,24-F-대형콘크리트 절단기 구매,국군재정관리단
57167,(화공) 페인트가스켓리무브 등 10종구매,제2879부대
57178,사령부 간부숙소 신축 관급자재(타일),국군지휘통신사령부
57190,24-관사 및 간부숙소 보일러 설치 납품,제7001부대
57275,24-간부숙소 드럼세탁기 168대 구매,제7001부대
57364,24-M-병영생활관 관급자재(타일) 제조,국군재정관리단
57568,목재류 구매,제9181부대
57793,24-D-자운대 주거시설 싱크대 제조설치,국군재정관리단
57905,24년 MSH 비자성 보조보일러 외주정비,해군군수사령부
57943,24년 MW통신소 전원공급장치 제조설치,국군지휘통신사령부
58012,에나멜 국방색 페인트 등 7개 품목 제조,육군 탄약지원사령부
58021,00여단 간부숙소 신축 가구 제조설치 납품,제6755부대
58022,00부대 창고 아연도금 철판 제조설치,제6335부대
58100,씽크대 제조설치납품,제9965부대
58126,24-신영-01 실내체육관 신축 무대장치 제조설치,제2621부대
58175,(자재) 화학저항성 페인트(폴리우레탄코팅제) 제조,제2879부대
58238,24년 MSH 비자성 보조보일러 외주정비,해군군수사령부
58331,간부숙소  디지털도어락 납품/설치,제9227부대
58359,24-D-병영생활관 증축 및 개수 통합배선반 제조,국군재정관리단
58393,페인트 알루미늄용(박리착색 자동화 시스템) 제조설치,제2879부대
58397,24-D-장교교육대 관급자재(콘크리트파일 제조),국군재정관리단
58439,00부대 간부숙소 관급자재(전기  원격검침),제1보병사단
58487,00부대 간부숙소 신축 관급자재(타일),제1보병사단
58553,00부대 신출 병영생활관 LPG 공급,제3190부대
58623,(자재) 화학저항페인트 폴리우레탄피복제 등 6종 제조,제2879부대
58629,여성필수시설 신축 컨테이너 제조설치납품,제2062부대
58786,24-N-고강도콘크리트말뚝 2종 제조,국군재정관리단
58869,(긴급)앵글 건축용 등 36종,해군군수사령부
58970,(246166-C) 24년 LAN용 UPS 제조설치(리스자산),국군재정관리단
58972,(246022-G) VoIP용 음성동보장치 제조설치(리스물건),국군재정관리단
59019,230mm 창정비시설 관급(방폭형 항온항습기) 제조설치,육군군수사령부
59085,24년 학교교실 장비도입(스크린 제조설치) 사업,육군교육사령부
59096,00부대 생활관 증개축 관급자재(샌드위치패널)(Y040),제7162부대
59159,(246022-G) VoIP용 음성동보장치 제조설치(리스물건),국군재정관리단
59295,간부숙소 신축 관급자재(자동제어) 제조 설치,제1862부대
59300,신병교육대 다기능 페인트 제조설치 납품(24-27),제5067부대
59307,페인트 분무기 6EA 구매,해군군수사령부
59357,24-N-내진철근 2종 구매(248142-F),국군재정관리단
59372,5비 김해기지 작전지휘시설 신축공사(콘크리트파일),공군제5공중기동비행단
59453,신병교육대 다기능 페인트 제조설치 납품(24-27),제5067부대
59472,콘크리트믹서기 등 3종 3대 구매,해군군수사령부
59554,24-M-동원생활관 제로에너지 제조 설치(248083-F),국군재정관리단
59573,5비 김해기지 간부숙소 신축(자동제어),공군제5공중기동비행단
59574,5비 김해기지 간부숙소 신축(가구),공군제5공중기동비행단
59734,24-F-이동식 콘크리트 믹서장비 구매,국군재정관리단
59830,(24-대보수-17) 간접가열보일러 제조설치 납품,제11기동사단
59842,24-N-철근탐지기 2대 구매,국군재정관리단
59943,(246218-E) 관급자재(토목-혼합골재) 제조 납품,국군재정관리단
59964,(246249-F) 전자칠판 등 제조설치,국군재정관리단
60011,간부숙소 신축 시설공사-다기능성페인트 192,제5067부대
60012,간부숙소 신축 다기능성페인트 제조 204,제5067부대
60035,(246218-E) 관급자재(토목-혼합골재) 제조 납품,국군재정관리단
60119,간부숙소 신축 다기능성페인트 제조 204,제5067부대
60180,24-N-00창 관급자재(고강도콘크리트파일) 제조 ,국군재정관리단
60197,간부숙소 신축 관급자재(타일) 제조,제1862부대
60232,간부숙소 신축 다기능성페인트 제조 204,제5067부대
60268,24-N- 관급자재(내진철근)구매(248160-F),국군재정관리단
60280,25사단 사령부 간부숙소 신축 관급자재(타일) 제조,제25보병사단
60281,25사단 70-2대대 병영생활관 관급자재(타일) 제조,제25보병사단
60347,통합배선 제조설치(0전단 예비전력관리전대 본관 신축,해군군수사령부
60375,주거대보수 아파트 완제품(신발장 붙박이장),제17보병사단
60376,주거대보수 아파트 완제품(싱크대) 제조설치납품,제17보병사단
60484,126여단 3 5대대 개편(자동제어 제조설치),육군제53보병사단
60513,수성백색페인트 등 2종 구매,해군군수사령부
60526,00해감대 개편시설공사(자동제어 제조설치),제6128부대
60573,230mm 창정비시설 관급(호이스트크레인) 제조설치,육군군수사령부
60599,00시설 중거리 카메라 제조설치 ,제2621부대
60634,여성필수시설(컨테이너) 제조설치 납품,제9보병사단사령부
60664,(247300-E) 00체계 레이돔 항온제습기 제조설치,국군재정관리단
60715,24년 아스팔트 재포장 관급자재(개질아스콘 제조),공군제5공중기동비행단
60740,25사단 70-2대대 병영생활관 관급자재(타일) 제조,제25보병사단
60769,24-N-페인트 스프레이 부스 제조,국군재정관리단
60784,(246088-E) 3연대 정비종합실습장(자동제어)제조설치,국군재정관리단
60814,24년 아스팔트 재포장 관급자재(개질아스콘 제조),공군제5공중기동비행단
60869,(자재) 도장자재 단조철선 등 28종 구매,제2879부대
60870,(자재) 정비용철재 환봉 등 10종 구매,제2879부대
60970,25사단 사령부 간부숙소 신축 관급자재(타일) 제조,제25보병사단
61067,00중대 작전대기시설(컨테이너 1동) 제조설치납품,제6128부대
61267,주-대-1 일산에버나인 아파트 싱크대 제조설치납품,제9보병사단사령부
61305,[24-04]00부대 실내체육관 신축 자동제어 제조설치,제3007부대
61334,(246366-E) 기동형 방송시스템 제조설치,국군재정관리단
61353,24-미-5 미사일방어태세 보강 공사 방호벽 제조설치,공군미사일방어사령부
61394,24-N-0함대 부두 로딩암 제조설치,국군재정관리단
